"RANK","NAME","TEAM","POS","AGE","GP","MPG","USG%","TO%","FTA","FT%","2PA","2P%","3PA","3P%","eFG%","TS%","PPG","RPG","APG","SPG","BPG","TPG","P+R","P+A","P+R+A","VI","ORtg","DRtg"
"","Giannis Antetokounmpo","Mil","F","30.1","24","35","36.8","14.1","272","0.614","483","0.627","18","0.222","0.617","0.632","32.7","11.6","6","0.7","1.5","3.4","44.3","38.7","50.3","15","121","104.7"
"","Shai Gilgeous-Alexander","Okc","G","26.5","31","34.5","33.4","11.3","245","0.882","456","0.599","192","0.344","0.574","0.635","31","5.6","6.1","1.9","1.2","2.7","36.6","37.1","42.7","11.8","125","102.1"
"","Nikola Jokic","Den","C","29.9","28","37.2","30.7","14","180","0.794","455","0.585","130","0.492","0.619","0.653","31","12.9","9.5","1.8","0.6","3.4","43.8","40.5","53.4","16.8","130.1","108.7"
"","LaMelo Ball","Cha","G","23.4","22","33.7","39.1","14.3","122","0.844","255","0.514","286","0.346","0.517","0.557","30.1","5.3","7.4","1.3","0.2","4.1","35.4","37.5","42.8","12.5","110.6","106.2"
"","Paolo Banchero","Orl","F","22.1","5","36.4","31.9","10.2","59","0.644","65","0.569","32","0.344","0.552","0.59","29","8.8","5.6","0.6","0.8","2.2","37.8","34.6","43.4","12.4","121","104"
"","Jayson Tatum","Bos","F-G","26.8","29","36.6","30.7","12","206","0.806","283","0.572","305","0.367","0.561","0.609","28.5","9.6","5.6","1.3","0.5","2.8","38.1","34.1","43.7","12.6","120.5","103.6"
"","Luka Doncic","Dal","F-G","25.8","22","35.7","32.9","13.9","146","0.767","254","0.555","212","0.354","0.544","0.584","28.1","8.3","7.8","2","0.4","3.4","36.5","36","44.3","13.7","116.5","104.4"
"","Kevin Durant","Pho","F","36.3","21","35.9","31.3","14.9","145","0.841","277","0.552","124","0.411","0.572","0.625","27.7","6.4","3.7","0.8","1.3","3.3","34","31.4","37.8","9.7","113.2","114.6"
"","De'Aaron Fox","Sac","G","27","33","37.2","30.4","14.2","196","0.801","462","0.556","209","0.325","0.535","0.578","26.5","5.1","6.3","1.6","0.3","3.4","31.6","32.8","37.8","10.2","112.9","109.7"
"","Anthony Davis","Lal","F-C","31.8","30","34.7","30","11.1","254","0.776","470","0.557","64","0.313","0.547","0.605","26","11.5","3.5","1.2","2","2.2","37.5","29.6","41.1","11.7","120.5","108.7"
"","Tyrese Maxey","Phi","G","24.2","24","37.2","30.6","9.6","138","0.833","278","0.489","228","0.342","0.5","0.548","25.9","3.6","5.3","2","0.4","2.3","29.5","31.2","34.8","8.5","111.9","109.8"
"","Damian Lillard","Mil","G","34.5","23","36.3","28.7","14","165","0.921","192","0.536","214","0.369","0.546","0.622","25.9","4.6","7.7","1.1","0.2","2.9","30.4","33.6","38.2","10.7","123.5","110.6"
"","Victor Wembanyama","San","F-C","21","27","33.1","31.8","15.4","117","0.88","261","0.594","256","0.359","0.567","0.606","25.5","10","3.8","1","4","3.5","35.6","29.3","39.4","12","110.3","106.7"
"","Jalen Brunson","Nyk","G","28.3","33","34.9","29","11.9","223","0.825","380","0.526","206","0.403","0.554","0.609","25.2","3","7.7","0.8","0.1","2.4","28.2","32.9","35.9","9.6","125.1","112"
"","Devin Booker","Pho","G","28.2","26","36.6","28.5","11.1","188","0.899","272","0.507","200","0.345","0.512","0.588","25.1","3.7","6.4","1.1","0.3","2.3","28.7","31.5","35.1","9.2","121.4","115.8"
"","Anthony Edwards","Min","G","23.4","31","36","30.2","13.2","118","0.805","320","0.472","304","0.411","0.542","0.571","24.9","5.6","4","1.3","0.6","3.1","30.5","28.9","34.5","9.1","107.7","107.4"
"","Jaylen Brown","Bos","G-F","28.2","27","35.7","30","12.2","158","0.734","337","0.534","194","0.335","0.523","0.559","24.9","5.9","4.7","1.4","0.3","2.7","30.7","29.5","35.4","9.9","111.9","107"
"","Cam Thomas","Bro","G","23.2","18","32.9","31.3","13.7","123","0.87","182","0.5","133","0.391","0.537","0.603","24.7","3.4","3.5","0.7","0.1","2.8","28.1","28.2","31.6","8.1","112.5","115.5"
"","Karl-Anthony Towns","Nyk","C-F","29.1","31","34.2","27.3","13.8","180","0.833","347","0.599","153","0.438","0.617","0.662","24.7","13.5","3.3","0.8","0.9","2.6","38.2","28","41.5","12.1","126.5","99.9"
"","Norman Powell","Lac","G","31.6","25","33.6","27.5","10.9","109","0.844","230","0.526","205","0.459","0.602","0.638","24.6","3.3","2.5","1.2","0.2","2.1","27.9","27.1","30.4","7","119","108.2"
"","Kyrie Irving","Dal","G","32.8","29","35.5","26.7","10.7","106","0.906","327","0.517","209","0.445","0.576","0.612","24.6","4.5","5","1.1","0.3","2.2","29.1","29.6","34.1","9.3","121.8","111.1"
"","Franz Wagner","Orl","F","23.3","25","33.2","31.1","11.4","135","0.881","314","0.538","159","0.321","0.519","0.573","24.4","5.6","5.7","1.7","0.5","2.4","30","30.1","35.7","11.1","115.7","102.8"
"","Cade Cunningham","Det","G","23.3","28","35.9","31.5","18.1","127","0.803","376","0.489","185","0.362","0.507","0.544","24","6.7","9.7","0.8","0.9","4.4","30.7","33.6","40.4","12.9","109.1","110.3"
"","Tyler Herro","Mia","G","24.9","30","35.2","27.2","12.7","122","0.844","236","0.559","288","0.41","0.59","0.624","24","5.7","5.2","0.7","0.1","2.5","29.8","29.2","35","10.1","118.6","110.2"
"","Joel Embiid","Phi","C-F","30.8","11","29.3","35.2","16.3","88","0.932","141","0.496","43","0.302","0.486","0.586","23.7","7","3.8","0.9","1","3.3","30.7","27.5","34.5","11.7","113","106.9"
"","Donovan Mitchell","Cle","G","28.3","31","31.5","30","10.2","116","0.81","278","0.504","288","0.413","0.563","0.592","23.6","4.6","4.6","1.5","0.3","2.1","28.2","28.2","32.8","10.1","116.6","107.1"
"","LeBron James","Lal","F","40","28","35","30","17.6","129","0.767","349","0.559","157","0.357","0.551","0.584","23.5","7.9","9","0.8","0.6","3.9","31.3","32.5","40.3","13.6","113.2","113.1"
"","RJ Barrett","Tor","F-G","24.5","27","34.1","29.8","15.4","168","0.726","348","0.509","151","0.344","0.511","0.552","23.4","6.8","6.2","0.7","0.4","3.4","30.2","29.6","36.4","11.7","108.4","113.8"
"","Zion Williamson","Nor","F","24.5","6","31.1","34.3","17.4","60","0.667","98","0.459","6","0.333","0.462","0.521","22.7","8","5.3","0.7","1.2","3.7","30.7","28","36","12.7","104.3","112.4"
"","Brandon Ingram","Nor","F","27.3","18","33.1","30.1","17.1","55","0.855","218","0.514","115","0.374","0.53","0.56","22.2","5.6","5.2","0.9","0.6","3.8","27.8","27.4","32.9","10.4","103.7","115.6"
"","James Harden","Lac","G","35.3","31","34.2","30.4","22.9","230","0.891","242","0.438","256","0.348","0.481","0.571","22.1","6.2","8","1.5","0.6","4.8","28.3","30","36.3","12.1","108.8","105.8"
"","Trae Young","Atl","G","26.3","31","36","27.3","21","206","0.879","260","0.458","262","0.336","0.481","0.557","22","3.6","12.1","1.3","0.2","4.5","25.6","34.1","37.7","11","113.5","113.9"
"","Zach LaVine","Chi","G","29.8","28","33.4","25.5","15.8","102","0.814","233","0.545","208","0.447","0.604","0.634","22","4.6","4.3","0.8","0.3","3","26.6","26.3","30.9","9.1","112","116.2"
"","Stephen Curry","Gol","G","36.8","26","31.2","28.4","15.5","91","0.923","163","0.497","272","0.401","0.562","0.603","22","4.7","6.4","1.2","0.5","3.1","26.8","28.4","33.2","11.2","115.6","111.3"
"","Jaren Jackson Jr.","Mem","F-C","25.3","31","28.2","28.4","11.7","165","0.818","330","0.561","158","0.348","0.548","0.598","21.6","5.9","1.8","1.5","1.7","2.1","27.5","23.4","29.3","8.7","114.3","100.1"
"","Brandon Miller","Cha","F","22.1","23","34.5","27.9","13.2","68","0.897","174","0.471","253","0.352","0.505","0.538","21.4","5.1","3.7","1.1","0.7","2.8","26.5","25.1","30.2","8.6","105.2","110.7"
"","CJ McCollum","Nor","G","33.3","20","33.8","27.1","8.8","61","0.705","209","0.512","164","0.348","0.516","0.535","21.4","3.9","4.1","1.1","0.5","1.8","25.3","25.5","29.4","8.3","108.9","117"
"","Jordan Poole","Was","G","25.5","26","31.6","28.4","18.2","125","0.84","187","0.465","226","0.407","0.545","0.593","21.3","2.7","5","1.6","0.5","3.5","24","26.3","29","8.4","107.8","113.7"
"","Jalen Williams","Okc","G-F","23.7","31","32.2","28","11.4","101","0.812","379","0.53","162","0.358","0.532","0.562","21.2","5.9","5.2","1.7","0.7","2.3","27.1","26.4","32.3","10.8","112.2","99.6"
"","Ja Morant","Mem","G","25.4","20","27.7","32","19.5","130","0.838","217","0.512","96","0.323","0.503","0.573","21.2","4.4","7.9","1.1","0.4","3.8","25.6","29.1","33.5","13","113","107.6"
"","Domantas Sabonis","Sac","F-C","28.7","30","35.5","22.3","16.9","131","0.786","341","0.63","71","0.423","0.631","0.663","20.8","13.6","6.1","0.8","0.4","2.8","34.3","26.9","40.4","13.5","128.8","103.4"
"","Darius Garland","Cle","G","24.9","31","30","26.8","13.6","97","0.907","251","0.554","212","0.434","0.598","0.635","20.7","2.6","6.5","1.1","0.2","2.4","23.3","27.2","29.8","9.4","124.5","108.6"
"","De'Andre Hunter","Atl","F-G","27.1","22","28","24.6","9","113","0.876","159","0.541","135","0.452","0.604","0.66","20.6","4.1","1.3","0.8","0.1","1.3","24.7","22","26","6.8","125.2","110.2"
"","Nikola Vucevic","Chi","C","34.2","32","32.2","22.4","10.2","71","0.831","318","0.623","150","0.453","0.641","0.66","20.6","10","3.3","0.8","0.7","1.7","30.6","23.8","33.8","10.9","125.9","110.8"
"","DeMar DeRozan","Sac","G-F","35.4","28","35.2","24","8.9","152","0.855","381","0.517","59","0.305","0.509","0.57","20.6","3.9","3.9","1.4","0.4","1.5","24.5","24.6","28.5","7.7","116.8","112"
"","Julius Randle","Min","F-C","30.1","31","33.2","26.2","16.9","178","0.82","295","0.536","151","0.364","0.539","0.598","20.2","7","4.4","0.7","0.2","2.9","27.2","24.6","31.5","10.3","115.3","105.4"
"","Trey Murphy III","Nor","F","24.5","20","34.1","22.7","10.4","73","0.89","137","0.562","165","0.37","0.558","0.602","20.1","4.5","2.6","1.2","0.7","1.8","24.6","22.7","27.2","7.2","117.1","117.3"
"","Scottie Barnes","Tor","F-G","23.4","19","34.1","26.8","18.7","93","0.742","201","0.547","107","0.28","0.503","0.543","19.9","7.8","7.1","1.4","0.6","3.7","27.7","27.1","34.8","12.1","107","113"
"","Jalen Johnson","Atl","F","23","31","36.5","22.4","16.3","111","0.748","352","0.574","130","0.331","0.553","0.58","19.9","10.2","5.4","1.5","1.1","3","30.1","25.3","35.5","11.3","111.5","109.6"
"","Pascal Siakam","Ind","F","30.7","33","33.8","22.5","8.8","119","0.782","331","0.559","146","0.438","0.589","0.619","19.8","7.2","3.4","1","0.3","1.4","27","23.2","30.4","9.3","123","110.8"
"","Jamal Murray","Den","G","27.9","25","36.7","23.2","12.5","101","0.842","257","0.482","148","0.365","0.506","0.551","19.8","4.2","6.4","1.5","0.7","2.3","24","26.2","30.4","8.8","112.7","114.1"
"","Lauri Markkanen","Uta","F-C","27.6","26","31.9","23.2","9.8","134","0.888","158","0.525","202","0.371","0.543","0.609","19.6","6.3","1.9","0.7","0.2","1.5","25.9","21.5","27.8","7.7","123.4","118.9"
"","Jalen Green","Hou","G","22.9","32","32.5","26.2","13","129","0.86","279","0.484","247","0.32","0.482","0.53","19.3","4.4","2.6","1","0.3","2.5","23.8","21.9","26.4","7.4","105.3","106.4"
"","Cameron Johnson","Bro","F","28.8","30","32.6","21.7","10.5","117","0.889","159","0.572","224","0.429","0.614","0.661","19.1","4.3","3.1","0.9","0.5","1.5","23.5","22.2","26.6","7.8","126.6","114.7"
"","Bradley Beal","Pho","G","31.5","21","34.4","23.6","13.2","48","0.771","190","0.563","126","0.389","0.571","0.59","19","3.9","3.1","1.2","0.8","2.3","22.8","22.1","26","7.1","108.8","112.4"
"","Alperen Sengun","Hou","C","22.4","32","31.3","25.9","13.5","154","0.76","439","0.519","48","0.229","0.502","0.546","18.9","10.8","5.1","1.2","1","2.4","29.8","24.1","34.9","13","116.4","98.3"
"","Michael Porter Jr.","Den","F","26.5","31","34.4","20.1","9.5","83","0.699","239","0.603","189","0.413","0.61","0.624","18.7","6.6","2.7","0.7","0.4","1.5","25.3","21.4","28","8.1","121.3","112.3"
"","Jimmy Butler","Mia","F","35.3","20","31.3","21.8","10.5","147","0.782","193","0.58","28","0.357","0.575","0.646","18.5","5.8","4.9","1.3","0.4","1.3","24.2","23.3","29.1","10.3","137","112"
"","Evan Mobley","Cle","C","23.5","30","30.2","23.4","15.1","122","0.779","297","0.606","75","0.427","0.613","0.647","18.4","8.8","2.9","1","1.5","2.2","27.2","21.3","30.1","10.3","122.7","103.9"
"","Dennis Schroder","Bro","G","31.3","23","33.6","24.1","15.3","81","0.889","175","0.509","150","0.387","0.542","0.588","18.4","3","6.6","1.1","0.2","2.6","21.4","25","28","8.5","115.4","113.3"
"","Kristaps Porzingis","Bos","F-C","29.4","11","27.2","25.7","5.1","53","0.849","81","0.556","67","0.328","0.527","0.587","18.3","6.4","1.6","0.7","1.5","0.7","24.6","19.9","26.3","8.4","123","104.6"
"","Coby White","Chi","G","24.9","31","32.9","23.2","14.2","100","0.88","183","0.519","264","0.352","0.525","0.567","18","3.6","4.6","1.1","0.2","2.4","21.5","22.6","26.2","8.1","108.3","113.7"
"","Mikal Bridges","Nyk","G-F","28.3","33","39.1","18.9","9.8","35","0.714","268","0.616","221","0.362","0.583","0.59","18","3.3","3.4","1.2","0.5","1.6","21.4","21.4","24.8","6","115.7","114.9"
"","Miles Bridges","Cha","F","26.8","19","30.6","25.9","10.7","66","0.894","162","0.537","130","0.277","0.483","0.531","17.9","7.7","3.6","0.6","0.6","1.8","25.6","21.5","29.2","10.3","109.7","112.6"
"","Shaedon Sharpe","Por","G","21.6","24","30.8","23.9","10","80","0.8","201","0.577","151","0.291","0.517","0.553","17.8","3.5","2.5","0.8","0.3","1.6","21.3","20.3","23.8","7","110.9","118.7"
"","Tyrese Haliburton","Ind","G","24.8","33","35.2","21.3","11.8","102","0.853","187","0.567","275","0.349","0.541","0.579","17.8","3.6","8.7","1.2","0.5","1.9","21.4","26.5","30.1","9.4","122.9","118.4"
"","Austin Reaves","Lal","G","26.6","26","34.4","22.5","15.1","97","0.794","164","0.537","190","0.363","0.541","0.58","17.7","4.2","5.5","1","0.2","2.4","21.8","23.2","27.3","8.6","113","113.1"
"","John Collins","Uta","F-C","27.3","26","30","23.3","17.3","101","0.871","236","0.559","85","0.424","0.579","0.629","17.7","8.2","2.5","1.1","0.8","2.6","25.9","20.2","28.4","9.5","117.1","111.3"
"","Gradey Dick","Tor","G-F","21.1","27","31.7","23.1","11","99","0.889","200","0.48","187","0.348","0.5","0.552","17.6","3.5","2.1","1","0.2","1.8","21.1","19.7","23.3","6.4","108.8","115.6"
"","Anfernee Simons","Por","G","25.6","29","31.3","24.7","13.3","81","0.901","212","0.5","224","0.33","0.498","0.537","17.5","2.7","4.9","1","0.1","2.3","20.1","22.3","25","7.8","109.2","118.3"
"","Jaden Ivey","Det","G","22.9","29","30","26.3","17.3","114","0.737","254","0.488","148","0.392","0.525","0.56","17.4","4.2","4","0.9","0.4","2.9","21.7","21.4","25.7","8.8","106.7","111.8"
"","Collin Sexton","Uta","G","26","31","28.4","25.2","16.6","104","0.894","262","0.515","139","0.424","0.557","0.604","17.4","2.6","3.8","0.8","0.1","2.6","20","21.2","23.8","7.8","114.9","117.6"
"","Derrick White","Bos","G","30.5","31","34.4","19.4","11.5","66","0.848","118","0.593","283","0.385","0.582","0.608","16.9","4.6","4.6","1","1.1","1.7","21.5","21.5","26.2","8.3","123.2","108.5"
"","Jonathan Kuminga","Gol","F","22.2","30","26.4","27.4","10","162","0.642","296","0.497","110","0.318","0.491","0.527","16.8","5.1","2.1","0.9","0.6","1.5","21.8","18.9","23.9","8.6","107","107"
"","Malik Beasley","Det","G","28.1","32","28.1","23","6.9","48","0.708","132","0.47","299","0.418","0.579","0.589","16.7","3","1.9","0.8","0.1","1","19.7","18.5","21.6","6.5","116.1","115.6"
"","Bennedict Mathurin","Ind","G-F","22.5","33","32.9","21.5","14.1","154","0.844","274","0.504","129","0.364","0.517","0.581","16.6","6.2","1.8","0.7","0.4","2","22.7","18.4","24.6","6.9","109.8","112.4"
"","Jalen Suggs","Orl","G","23.6","32","29.4","27.1","17.7","103","0.913","223","0.511","223","0.309","0.488","0.538","16.5","4.2","3.8","1.4","1","3","20.7","20.3","24.5","8.7","101.3","100.6"
"","Chet Holmgren","Okc","C-F","22.7","10","26.5","25","17.1","49","0.776","74","0.568","37","0.378","0.568","0.619","16.4","8.7","2","0.8","2.6","2.3","25.1","18.4","27.1","9.9","113.4","97.7"
"","O.G. Anunoby","Nyk","F-G","27.5","33","36.3","18.7","9","77","0.805","234","0.573","199","0.352","0.552","0.578","16.4","5.1","1.9","1.5","1","1.3","21.5","18.3","23.4","6","114.8","109.3"
"","Andrew Wiggins","Gol","F","29.9","28","29.1","22.3","8.4","98","0.786","211","0.474","150","0.407","0.53","0.569","16.4","4.4","2.3","0.9","0.9","1.2","20.8","18.8","23.1","7.6","116.7","110.4"
"","Jordan Clarkson","Uta","G","32.6","20","26.4","28","15.8","81","0.827","153","0.471","113","0.336","0.485","0.539","16.3","3.5","4.1","0.9","0.3","2.5","19.8","20.4","23.9","9.3","107.7","118.1"
"","Bam Adebayo","Mia","C-F","27.5","30","34.9","22.3","13.5","127","0.717","331","0.489","80","0.288","0.478","0.518","16.1","9.9","4.7","1.4","0.9","2.1","26.1","20.8","30.7","10.4","110","105.1"
"","Dejounte Murray","Nor","G","28.3","16","34","26.8","20","52","0.827","175","0.411","85","0.271","0.41","0.452","16","6.8","7.5","2.6","0.5","4.1","22.8","23.5","30.3","11","92","111.8"
"","Devin Vassell","San","G-F","24.4","17","27.6","23.7","10.7","39","0.821","119","0.513","97","0.392","0.546","0.575","15.8","3.1","2.8","1","0.4","1.5","18.8","18.6","21.6","7.5","111.1","111"
"","Keyonte George","Uta","G","21.1","26","31.5","24.4","19.6","84","0.798","153","0.451","199","0.347","0.49","0.53","15.8","3.3","5.7","0.7","0.2","3.3","19.2","21.6","24.9","8.5","104","119.9"
"","Malik Monk","Sac","G","26.9","26","30.1","22.9","12.8","64","0.859","164","0.524","175","0.349","0.524","0.558","15.8","3.7","4.8","0.8","0.6","1.9","19.5","20.6","24.3","8.7","111.3","109.9"
"","Desmond Bane","Mem","G","26.5","25","28.2","22.1","15","62","0.855","167","0.557","144","0.354","0.545","0.579","15.7","6","4.8","1.2","0.4","2.2","21.6","20.5","26.4","10.9","114.5","102.5"
"","Payton Pritchard","Bos","G","26.9","32","28.8","19.5","8.8","48","0.854","84","0.631","279","0.419","0.629","0.648","15.6","3.8","3.4","0.9","0.1","1.1","19.4","19","22.8","8.1","131.8","109.3"
"","Paul George","Phi","F","34.7","20","31.6","24.5","15.9","61","0.787","150","0.48","124","0.315","0.476","0.514","15.5","5.6","4.8","2","0.5","2.6","21","20.2","25.8","9.5","102.5","106.3"
"","Fred VanVleet","Hou","G","30.8","30","35.2","19.6","9.5","73","0.808","187","0.449","240","0.325","0.471","0.502","15.4","4.6","6","1.4","0.5","1.5","19.9","21.4","25.9","8.5","114.2","104.3"
"","Ivica Zubac","Lac","C","27.8","32","32.7","18.9","14.1","93","0.516","360","0.617","0","0","0.617","0.614","15.4","12.7","2.5","0.7","1.1","1.8","28","17.9","30.6","9.6","121.3","104.2"
"","Jakob Poeltl","Tor","C","29.2","27","31.9","19.2","16.7","92","0.685","298","0.594","2","0","0.59","0.612","15.4","10.9","2.7","1.1","1.3","2.2","26.3","18.1","29","9.6","117.1","106.8"
"","Jared McCain","Phi","G","20.9","23","25.7","24.9","11.9","56","0.875","141","0.532","133","0.383","0.553","0.589","15.3","2.4","2.6","0.7","0","1.6","17.7","17.9","20.3","7.1","113.7","112.3"
"","Immanuel Quickley","Tor","G","25.5","3","22.5","30.5","8.6","9","0.889","26","0.385","16","0.375","0.452","0.5","15.3","2","4","0.7","0","1.3","17.3","19.3","21.3","8.8","107.9","113"
"","Kyle Kuzma","Was","F","29.4","13","27","28.1","14","36","0.639","129","0.496","61","0.262","0.463","0.483","15.3","5.3","2","0.5","0.2","2.4","20.6","17.3","22.6","8.1","90.1","116.1"
"","Jerami Grant","Por","F","30.8","29","32.7","19.9","10","100","0.82","183","0.383","186","0.382","0.478","0.527","15","3.6","2.3","0.9","1","1.4","18.6","17.3","20.9","6.1","108.6","117.1"
"","Myles Turner","Ind","C-F","28.8","31","31.3","20.6","17.3","94","0.723","192","0.557","153","0.392","0.571","0.598","14.9","7.1","1.6","0.8","2.1","2.3","22","16.5","23.5","7.1","105.4","109.6"
"","Deandre Ayton","Por","C","26.4","23","30.5","19.5","12.9","28","0.643","252","0.599","25","0.24","0.578","0.584","14.7","10.2","1.4","0.9","1","1.8","24.9","16.1","26.3","7.8","112","111"
"","Malcolm Brogdon","Was","G","32.1","15","25.3","24","14.5","60","0.867","121","0.496","44","0.341","0.5","0.567","14.5","4.2","3.8","0.7","0.3","1.9","18.7","18.3","22.5","9.7","112.8","118"
"","Jeremy Sochan","San","F","21.6","19","30.2","20.2","15","70","0.729","169","0.58","34","0.265","0.549","0.586","14.4","8.4","2.8","0.9","0.7","1.9","22.8","17.2","25.6","9.2","115.4","106.2"
"","Josh Hart","Nyk","G","29.8","32","37.1","14.7","16.1","86","0.814","190","0.684","112","0.393","0.649","0.68","14.4","8.6","5.5","1.5","0.4","1.8","23","19.9","28.5","9.5","134.2","107.4"
"","Christian Braun","Den","G","23.7","30","33.7","15.2","11","90","0.8","213","0.629","77","0.364","0.607","0.643","14.1","4.8","2","1.3","0.6","1.2","18.9","16.2","21","6.1","124.6","112.2"
"","Tre Mann","Cha","G","23.9","13","24.5","25.9","13.4","21","0.905","101","0.455","60","0.4","0.509","0.537","14.1","2.9","3","0.5","0.3","1.9","17","17.1","20","8.1","106.2","113"
"","Bobby Portis","Mil","F","29.9","29","25.2","24.7","9.4","39","0.769","250","0.516","107","0.374","0.529","0.545","14.1","7.8","2.2","0.7","0.6","1.3","21.9","16.3","24.1","9.9","110.2","105.1"
"","Klay Thompson","Dal","G","34.9","28","27.7","21.3","8.8","29","0.897","120","0.483","221","0.38","0.54","0.557","14.1","3.4","1.9","1","0.4","1.2","17.5","16","19.4","6.5","110.2","111.8"
"","Dillon Brooks","Hou","G-F","28.9","29","31.9","17.6","8.8","52","0.846","165","0.473","176","0.386","0.528","0.555","13.9","3.9","1.6","0.7","0.3","1.1","17.9","15.5","19.4","5.6","114.7","102.1"
"","Khris Middleton","Mil","F","33.4","9","22.8","27.3","18.6","21","0.81","59","0.441","37","0.486","0.552","0.584","13.7","4.1","5.3","1","0.2","2.4","17.8","19","23.1","11.7","111.5","100.2"
"","Aaron Gordon","Den","F","29.3","17","28.7","17.8","12.9","65","0.754","105","0.562","50","0.44","0.594","0.635","13.7","5.8","3.1","0.5","0.2","1.4","19.5","16.8","22.5","8.7","126.9","113"
"","Deni Avdija","Por","F","24","32","26.8","21.4","19.3","133","0.789","181","0.514","128","0.359","0.524","0.584","13.4","5.8","3.2","0.9","0.7","2.3","19.2","16.6","22.4","9.4","111.7","112.7"
"","Bilal Coulibaly","Was","G","20.4","28","34.7","17.5","15.7","93","0.785","200","0.5","111","0.297","0.481","0.529","13.3","5.6","3.7","1.4","0.8","2.1","18.9","17","22.6","7.5","105.5","116.4"
"","Jarrett Allen","Cle","C","26.7","32","29.2","15.4","12.2","106","0.736","251","0.689","1","0","0.687","0.71","13.3","10","1.9","1","0.8","1.1","23.2","15.1","25.1","8.7","139.6","105.7"
"","Dyson Daniels","Atl","G","21.8","29","33.6","17.5","13.9","43","0.605","236","0.517","110","0.327","0.509","0.518","13","5.1","3.5","3.1","0.9","1.9","18.1","16.5","21.6","7.3","103.6","108.2"
"","Santi Aldama","Mem","F-C","24","31","25.7","18.3","10.9","43","0.767","172","0.605","139","0.388","0.595","0.611","13","7.3","3","0.9","0.5","1.2","20.3","16","23.3","10.2","122.7","107"
"","Moritz Wagner","Orl","F-C","27.7","30","18.8","26.6","16.4","110","0.718","174","0.649","75","0.36","0.616","0.649","12.9","4.9","1.4","0.8","0.4","1.6","17.8","14.3","19.2","9.5","117.3","98.9"
"","P.J. Washington","Dal","F","26.4","26","32.6","17.3","14.7","68","0.75","159","0.478","108","0.398","0.526","0.559","12.8","7.5","2.2","1.2","1.1","1.8","20.3","14.9","22.5","7.3","109.1","107.1"
"","Kelly Oubre Jr.","Phi","F-G","29.1","30","32.4","17.7","10.5","72","0.722","194","0.567","129","0.287","0.512","0.54","12.8","5.7","1.5","1.4","0.5","1.3","18.4","14.3","20","5.9","108.8","106.9"
"","Tobias Harris","Det","F","32.5","30","31.5","17.8","9","66","0.848","208","0.495","125","0.32","0.489","0.528","12.7","6.3","2.4","0.8","0.9","1.1","19","15.1","21.4","7.3","110.1","111.6"
"","Ayo Dosunmu","Chi","G","25","30","30.8","16.5","11.8","54","0.796","175","0.611","125","0.32","0.557","0.582","12.6","3.9","4.8","0.8","0.5","1.3","16.5","17.4","21.3","8","119","114.2"
"","Buddy Hield","Gol","G","32","32","22.8","22.1","10.6","26","0.923","107","0.505","229","0.393","0.563","0.579","12.6","3.4","1.2","0.8","0.3","1.3","15.9","13.8","17.2","6.5","107.8","106.8"
"","Rui Hachimura","Lal","F","26.9","26","33.5","14.8","9.2","54","0.833","153","0.503","93","0.452","0.569","0.602","12.5","5.4","1.6","1","0.7","1","17.9","14.1","19.5","5.7","120.2","112.9"
"","Isaiah Hartenstein","Okc","C-F","26.7","16","30","17.5","16.9","45","0.644","141","0.603","6","0","0.578","0.597","12.4","12.6","3.8","0.8","1.2","1.9","25","16.3","28.8","11.2","119.9","91.8"
"","D'Angelo Russell","Lal","G","28.9","29","26.3","22.1","13.8","53","0.849","143","0.51","168","0.333","0.505","0.537","12.4","2.8","4.7","0.8","0.1","1.7","15.1","17","19.8","8.3","107.9","112.4"
"","Josh Giddey","Chi","G","22.2","29","27.3","21.6","20.4","70","0.729","185","0.535","116","0.31","0.508","0.538","12.3","6.9","7","1","0.4","2.7","19.2","19.3","26.2","12.3","110.7","113.4"
"","Tyus Jones","Pho","G","28.6","31","31.4","15.5","10.8","22","0.864","133","0.564","163","0.436","0.613","0.625","12.3","2.6","6.4","0.9","0.2","1.2","14.9","18.7","21.3","7.5","131.5","119"
"","Brook Lopez","Mil","C","36.7","30","32.7","15.2","10","39","0.744","133","0.609","156","0.378","0.587","0.601","12.3","4.9","1.6","0.9","2","1.1","17.1","13.8","18.7","5.6","116","108.7"
"","Julian Champagnie","San","F","23.5","32","28.3","17.3","10.1","41","0.902","84","0.595","227","0.37","0.566","0.591","12.2","4.8","1.4","0.9","0.6","1.1","17","13.5","18.3","6.1","111.6","110.5"
"","Naz Reid","Min","C-F","25.3","31","24.4","21.5","10.9","53","0.811","157","0.561","153","0.346","0.54","0.567","12.2","4.8","1.7","0.7","0.8","1.2","17","13.9","18.7","7.6","109.4","101.5"
"","Jrue Holiday","Bos","G","34.6","26","30.6","17.1","13.1","45","0.889","118","0.593","141","0.326","0.537","0.57","12.2","4.3","3.7","0.9","0.4","1.5","16.5","15.9","20.2","7.6","117.5","110.3"
"","Daniel Gafford","Dal","F-C","26.2","32","20.9","19.1","13.7","101","0.683","221","0.719","0","0","0.719","0.729","12.1","6.2","1.2","0.5","1.4","1.1","18.3","13.3","19.5","8.6","138.2","101.4"
"","Russell Westbrook","Den","G","36.1","31","26.4","22.6","21.4","101","0.624","202","0.52","109","0.312","0.502","0.528","12.1","4.5","6.5","1.7","0.5","2.7","16.6","18.6","23.1","10.7","106.8","106.9"
"","Bruce Brown","Tor","G-F","28.4","1","19.2","28","7.7","0","0","10","0.6","2","0","0.5","0.5","12","3","1","1","0","1","15","13","16","6.9","96.3","116.6"
"","Mark Williams","Cha","C","23","10","18.3","21.7","7.3","26","0.769","76","0.658","0","0","0.658","0.686","12","7.2","2.1","0.6","1","0.6","19.2","14.1","21.3","12.4","141.3","102.2"
"","Keldon Johnson","San","F-G","25.2","29","24.7","20.8","7.3","77","0.753","182","0.555","108","0.269","0.498","0.536","12","5","1.6","0.8","0.2","0.8","17","13.6","18.6","7.4","110.6","109.5"
"","Terry Rozier","Mia","G","30.8","27","28.7","20.1","12","53","0.887","149","0.47","143","0.322","0.476","0.515","12","4","2.7","0.7","0.4","1.5","16.1","14.8","18.8","7.1","104","110.7"
"","Amen Thompson","Hou","G-F","21.9","32","27.8","17.2","18.1","108","0.694","224","0.612","42","0.262","0.577","0.609","11.9","7.1","2.2","1.1","1.1","1.8","19","14.2","21.3","8.2","117.1","100.7"
"","Jabari Smith Jr.","Hou","F","21.6","32","31.2","15.1","8.7","73","0.877","149","0.51","156","0.353","0.52","0.565","11.9","6.7","1","0.3","1","0.9","18.6","12.9","19.6","5.5","118.9","103.8"
"","Caris LeVert","Cle","G","30.4","26","23.9","19.1","14.2","67","0.687","110","0.545","101","0.475","0.626","0.645","11.9","2.7","3.8","1","0.5","1.3","14.7","15.8","18.5","8.3","126","109.7"
"","Jonas Valanciunas","Was","C","32.7","30","19.9","23.7","16.3","66","0.924","242","0.591","19","0.158","0.565","0.614","11.9","8.1","2.3","0.5","0.8","1.7","19.9","14.1","22.2","12.2","117.5","110.6"
"","Jordan Hawkins","Nor","G","22.7","17","24.8","21.6","8.6","42","0.881","79","0.405","102","0.324","0.45","0.501","11.8","2.9","1.1","0.4","0.5","1","14.7","12.8","15.8","5.4","101.8","121.8"
"","Alexandre Sarr","Was","C","19.7","27","27.3","20.2","12.3","60","0.633","165","0.473","126","0.317","0.474","0.495","11.6","6.1","2.1","0.7","1.8","1.5","17.8","13.7","19.9","7.8","100.9","112.9"
"","Keegan Murray","Sac","F","24.4","32","35.5","15","8.1","39","0.872","174","0.54","175","0.286","0.484","0.508","11.6","7.4","1.4","0.7","0.8","1","19","13","20.4","5.6","107.9","109.1"
"","Brandon Boston Jr.","Nor","G","23.1","30","25.4","19.9","12.6","61","0.803","183","0.497","109","0.349","0.507","0.541","11.5","3.3","2.7","1.4","0.2","1.4","14.8","14.2","17.6","7.4","108.2","115.5"
"","Onyeka Okongwu","Atl","F-C","24.1","26","23.5","17.5","9","73","0.767","169","0.627","42","0.238","0.573","0.613","11.5","6.5","1.3","0.7","0.7","0.8","18","12.8","19.3","7.8","126.2","107.9"
"","Corey Kispert","Was","F","25.8","25","26.9","17.3","10.6","32","0.844","91","0.604","146","0.336","0.542","0.566","11.4","3.2","1.6","0.6","0.2","1.1","14.6","12.9","16.2","5.8","107.7","119.5"
"","Jaylen Wells","Mem","F","21.3","33","24.8","17.6","11.2","53","0.811","143","0.531","158","0.373","0.547","0.574","11.3","3.1","1.7","0.5","0.2","1.2","14.4","12.9","16.1","6.3","112.8","108.7"
"","Zach Edey","Mem","C","22.6","20","21.9","18.7","17.2","47","0.638","133","0.632","21","0.429","0.633","0.644","11.3","8","1.1","0.8","1.2","1.6","19.3","12.3","20.3","8.5","121","98.2"
"","Tari Eason","Hou","F","23.6","24","22.8","19.8","8.3","49","0.755","148","0.554","73","0.315","0.527","0.557","11.3","6.3","1","1.9","1","0.8","17.5","12.3","18.6","7.3","117.5","94.8"
"","Scoot Henderson","Por","G","20.9","25","25.8","22.5","20.8","73","0.753","162","0.451","89","0.303","0.452","0.498","11.3","2.8","5.1","1.2","0.2","2.6","14","16.4","19.2","8.4","100.7","112.6"
"","Ochai Agbaji","Tor","G","24.7","32","30.1","13.8","8.4","26","0.654","154","0.591","131","0.412","0.604","0.609","11.3","4","1.9","0.9","0.5","0.8","15.3","13.2","17.1","5.9","120.2","114.9"
"","Bogdan Bogdanovic","Atl","G","32.4","14","25.5","19","15.8","21","0.952","44","0.545","89","0.337","0.519","0.555","11.3","3.1","2.2","0.9","0.3","1.8","14.4","13.5","16.6","6.7","103.6","109"
"","Herbert Jones","Nor","F","26.2","15","32.6","15.8","16.5","34","0.794","83","0.53","58","0.293","0.493","0.532","11.1","4.2","3.2","2","0.5","1.9","15.3","14.3","18.5","6.5","106.1","112.8"
"","Duncan Robinson","Mia","F","30.7","28","23.5","20.2","8.9","22","0.864","79","0.506","188","0.378","0.549","0.564","11.1","2.4","2.5","0.5","0.1","0.9","13.5","13.6","16","6.9","112.4","106.9"
"","T.J. McConnell","Ind","G","32.8","32","19.7","24.7","14.9","35","0.743","268","0.571","23","0.304","0.562","0.576","11","2.6","4.3","1.2","0.3","1.6","13.6","15.3","17.9","10.1","113.6","115.1"
"","Stephon Castle","San","G","20.2","31","25.1","22.8","15.9","96","0.708","195","0.451","116","0.267","0.432","0.477","10.9","2.5","3.6","0.8","0.3","1.9","13.4","14.5","16.9","7.3","97.6","111.6"
"","Naji Marshall","Dal","F","26.9","26","23.2","18.9","14","42","0.881","151","0.616","63","0.317","0.575","0.609","10.9","3.3","2.2","0.8","0.1","1.3","14.2","13.1","16.3","7.4","117.2","110.7"
"","Andrew Nembhard","Ind","G-F","25","18","26.7","18.4","17.8","42","0.881","111","0.532","41","0.341","0.526","0.578","10.9","3.1","4.9","0.8","0.2","1.8","14","15.8","18.9","8.2","113.7","115"
"","Zaccharie Risacher","Atl","F","19.7","33","23.7","20.9","10.8","76","0.697","187","0.481","142","0.289","0.46","0.491","10.8","3.4","1.2","0.8","0.6","1.2","14.2","12","15.4","6","99.2","110.4"
"","Scotty Pippen Jr.","Mem","G","24.1","33","22.5","20.7","19.4","70","0.671","186","0.538","101","0.366","0.542","0.563","10.8","3.5","5.1","1.1","0.4","2.1","14.3","15.9","19.4","10.3","111.9","102.4"
"","Jose Alvarado","Nor","G","26.7","11","25.6","18.3","12.1","17","0.824","41","0.39","60","0.4","0.515","0.544","10.7","2.2","4.5","1.5","0.3","1.3","12.9","15.2","17.4","7.4","115.6","114.4"
"","Harrison Barnes","San","F","32.6","32","27.7","14.3","8.6","89","0.798","125","0.544","109","0.413","0.579","0.626","10.7","3.8","1.5","0.3","0.2","0.7","14.5","12.2","16","5.7","127.5","116.5"
"","Justin Champagnie","Was","G-F","23.5","13","25.8","15.3","12.8","14","0.643","54","0.685","48","0.375","0.627","0.633","10.5","7","1.1","1.2","0.9","1.2","17.5","11.6","18.6","6.7","119.5","111.4"
"","Obi Toppin","Ind","F","26.8","30","19.9","18.7","7.9","36","0.861","116","0.733","106","0.358","0.64","0.662","10.5","4.1","1.7","0.8","0.4","0.6","14.6","12.2","16.3","8.4","128.5","110.9"
"","Royce O'Neale","Pho","F","31.6","31","26.3","16.1","10.8","21","0.762","80","0.463","177","0.441","0.599","0.608","10.5","5.6","2.4","1","0.6","1","16","12.8","18.4","7.9","119","109.2"
"","Rudy Gobert","Min","C","32.5","31","33.8","12.1","19.4","110","0.709","195","0.636","0","0","0.636","0.67","10.5","10.7","1.7","0.7","1.4","1.5","21.2","12.3","22.9","6.8","129.8","103"
"","Walker Kessler","Uta","C","23.4","25","29.8","12.6","19","65","0.523","155","0.71","3","0.667","0.715","0.697","10.4","11","1.6","0.5","2.8","1.5","21.4","12","23","7.6","130","113.3"
"","Grant Williams","Cha","F","26.1","16","29.9","14.8","18.5","37","0.838","49","0.551","74","0.365","0.549","0.596","10.4","5.1","2.3","1.1","0.8","1.8","15.5","12.7","17.8","6.6","112.5","107.9"
"","Grayson Allen","Pho","G","29.2","23","23.9","18.4","11.6","50","0.84","50","0.48","133","0.376","0.541","0.585","10.4","3.2","1.8","0.9","0.3","1","13.7","12.3","15.5","6.5","114.7","114.1"
"","Dorian Finney-Smith","Bro","F","31.7","20","29","14.3","10.2","24","0.625","51","0.51","108","0.435","0.607","0.613","10.4","4.6","1.6","0.9","0.6","0.9","15","12","16.5","5.9","119.9","110.4"
"","Patrick Williams","Chi","F","23.3","23","27.1","17.1","14.1","33","0.879","93","0.409","114","0.386","0.502","0.535","10.3","4.3","2.1","0.9","0.6","1.5","14.7","12.4","16.8","6.7","102.6","115.7"
"","Ty Jerome","Cle","G-F","27.5","31","17.7","22.6","13.1","48","0.896","129","0.566","103","0.417","0.593","0.628","10.3","2","3.5","1.2","0","1.1","12.3","13.7","15.8","9.4","126.5","105.1"
"","Chris Boucher","Tor","F","32","29","18.1","22","8.8","66","0.788","117","0.615","111","0.306","0.539","0.58","10.3","4.4","0.7","0.6","0.7","0.8","14.7","11","15.4","7","116.2","112.2"
"","Dalton Knecht","Lal","F","23.7","31","22.7","17.4","6.4","36","0.778","100","0.63","147","0.367","0.583","0.601","10.2","3.5","1.1","0.4","0.1","0.5","13.7","11.3","14.8","6","117.9","113.3"
"","De'Anthony Melton","Gol","G","26.6","6","20.2","23.2","15.6","8","0.5","19","0.474","35","0.371","0.528","0.53","10.2","3.3","2.8","1.2","0.3","1.7","13.5","13","16.3","9","103.6","98.1"
"","Derrick Jones Jr.","Lac","F","27.9","30","24.9","16.4","11.2","34","0.882","150","0.573","88","0.375","0.569","0.595","10","3.3","1","1.3","0.4","1","13.4","11","14.3","5.2","114.7","104.9"
"","Tim Hardaway Jr.","Det","G-F","32.8","29","27.2","14.6","7.6","48","0.875","74","0.541","155","0.361","0.541","0.58","10","2","1.6","0.3","0","0.7","12","11.6","13.6","4.7","117.5","117.2"
"","Kevin Porter Jr.","Lac","G-F","24.7","28","20.1","27.3","19.1","51","0.647","196","0.474","74","0.257","0.45","0.472","9.9","3.6","3","1","0.3","2.3","13.5","12.9","16.5","9.4","91.9","103"
"","Amir Coffey","Lac","G-F","27.5","31","24.4","15","8.7","52","0.846","105","0.552","115","0.426","0.598","0.632","9.9","2.6","1.2","0.5","0.1","0.7","12.5","11.1","13.7","5.1","124","108.8"
"","Goga Bitadze","Orl","C-F","25.4","29","24.7","15.4","19.1","58","0.741","172","0.703","14","0.071","0.659","0.681","9.9","8.5","2.1","0.9","1.7","1.5","18.4","12","20.5","9.1","127.3","98"
"","Donte DiVincenzo","Min","G","27.9","31","25.3","18.6","15.3","31","0.806","66","0.485","205","0.356","0.522","0.541","9.9","3.4","3.4","1.2","0.2","1.6","13.3","13.3","16.7","7.7","106.6","106.9"
"","Miles McBride","Nyk","G","24.3","28","24.5","17","9.9","35","0.8","94","0.457","132","0.402","0.542","0.565","9.8","2.6","3","0.9","0.2","0.9","12.4","12.8","15.4","6.9","119.1","110.8"
"","Guerschon Yabusele","Phi","F","29","30","23.7","17.1","15.8","55","0.655","101","0.624","112","0.393","0.606","0.62","9.8","5.2","1.8","0.8","0.4","1.3","15","11.6","16.8","7.6","117.9","104.7"
"","Jaden McDaniels","Min","F","24.3","31","29.7","15.4","10.3","33","0.697","165","0.521","114","0.307","0.496","0.511","9.7","4.5","1.7","1.4","0.8","1","14.2","11.4","15.9","5.7","105.8","102.2"
"","Luguentz Dort","Okc","G","25.7","30","29.3","13.4","6.1","35","0.8","80","0.425","166","0.386","0.528","0.551","9.6","4.6","1.6","1.2","0.8","0.5","14.2","11.2","15.8","5.6","118.4","99.2"
"","Clint Capela","Atl","C","30.6","33","23","16.1","10.6","63","0.54","245","0.58","0","0","0.58","0.583","9.6","9.2","1.3","0.6","0.9","0.9","18.8","10.9","20.1","8.5","121.9","106.7"
"","Dalano Banton","Por","F","25.1","25","16.5","27.1","17.5","56","0.661","115","0.47","87","0.356","0.498","0.525","9.5","2.2","2.6","0.9","0.5","1.7","11.8","12.2","14.4","9.2","102","115.4"
"","Larry Nance Jr.","Atl","F-C","32","15","19.4","15.1","10.4","8","0.875","44","0.659","50","0.52","0.723","0.733","9.5","4.3","1.6","1.1","0.7","0.7","13.8","11.1","15.4","8.3","135.5","108.1"
"","Chris Paul","San","G","39.7","32","29.1","14.8","19.4","50","0.98","85","0.529","155","0.355","0.531","0.58","9.5","4.1","8.4","1.5","0.2","1.8","13.6","17.9","22","9.5","125.5","109.4"
"","Yves Missi","Nor","C","20.6","32","26.9","14.4","14.9","94","0.649","216","0.556","1","0","0.553","0.583","9.4","8.5","1.4","0.7","1.4","1.2","17.9","10.8","19.3","7.2","120","113.7"
"","Nic Claxton","Bro","C","25.7","26","25.6","16.7","15.5","59","0.508","182","0.582","8","0.125","0.566","0.567","9.4","7.4","2","0.9","1.2","1.3","16.8","11.4","18.8","8.1","112.1","107.5"
"","Nickeil Alexander-Walker","Min","G","26.3","31","23.4","16.3","16.4","34","0.765","92","0.576","122","0.434","0.619","0.635","9.4","2.7","2.5","0.9","0.3","1.4","12.1","11.9","14.6","6.8","117.3","106.9"
"","Gary Trent Jr.","Mil","G","26","28","24.9","15.8","7.9","26","0.885","79","0.456","141","0.397","0.545","0.568","9.4","2.2","0.9","1","0.1","0.7","11.6","10.3","12.5","4.3","107.9","107.4"
"","Kevin Huerter","Sac","G-F","26.3","29","25.1","16.4","10.4","23","0.696","78","0.679","162","0.309","0.533","0.544","9.4","3.4","2","1","0.5","1","12.8","11.4","14.8","6.4","107.6","108.3"
"","Jalen Duren","Det","C","21.1","29","24.9","14.9","26.5","84","0.607","158","0.69","0","0","0.69","0.69","9.3","9.1","2.3","0.5","1.1","2","18.4","11.6","20.7","9.3","122.8","102.3"
"","Jay Huff","Mem","C","27.4","29","15.2","19.9","9.9","43","0.767","66","0.712","116","0.414","0.654","0.674","9.3","2.7","0.8","0.3","1.1","0.7","12","10.2","12.9","7.2","126.2","102.8"
"","Nick Richards","Cha","C","27.1","17","21.9","17.9","23.3","76","0.658","94","0.574","1","0","0.568","0.615","9.3","7.8","1.2","0.4","1.2","1.7","17.1","10.5","18.4","8.1","113.4","102.2"
"","Quentin Grimes","Dal","G","24.6","31","21.7","17.4","14.7","52","0.731","93","0.527","121","0.421","0.586","0.61","9.3","4","1.6","0.6","0.3","1.2","13.3","11","15","7.2","115.5","107.7"
"","Spencer Dinwiddie","Dal","G","31.7","31","22.6","17.4","10.9","91","0.89","101","0.436","119","0.336","0.473","0.556","9.3","2.1","3.4","0.9","0.3","0.9","11.5","12.7","14.8","7.2","120.6","110.6"
"","Aaron Nesmith","Ind","G-F","25.2","6","22.7","14.9","12.1","13","0.846","25","0.52","11","0.545","0.611","0.659","9.2","4","1","0.7","0.3","0.8","13.2","10.2","14.2","5.9","123.2","101.2"
"","Caleb Martin","Phi","F","29.3","25","30","14.9","16.8","65","0.646","116","0.457","72","0.375","0.497","0.529","9.2","4.4","2.1","1","0.5","1.5","13.6","11.2","15.6","5.9","105","110.9"
"","Marcus Smart","Mem","G","30.8","18","21.2","19.9","19.3","36","0.833","55","0.436","87","0.333","0.475","0.523","9.2","2.3","3.8","1.3","0.3","1.9","11.5","13","15.3","8.1","106.3","106.3"
"","Dennis Schroder","Gol","G","31.3","7","27.9","20.8","18.6","16","0.813","40","0.375","34","0.206","0.345","0.395","9.1","2","3.9","0.4","0.1","2.4","11.1","13","15","5.9","83.3","108.7"
"","Jalen Wilson","Bro","F","24.2","31","26.3","15.9","11.2","59","0.847","104","0.471","133","0.338","0.492","0.538","9.1","3.4","1.9","0.5","0","1","12.5","11","14.4","5.9","110","112.4"
"","Al Horford","Bos","C-F","38.6","25","27.9","13.5","10.7","12","0.833","54","0.574","137","0.38","0.571","0.581","9.1","5.3","2.2","0.6","0.9","0.9","14.4","11.3","16.6","6.8","117.9","107.7"
"","Trentyn Flowers","Lac","F","19.8","1","14.4","31.2","9.6","1","1","7","0.571","2","0","0.444","0.477","9","4","0","0","0","1","13","9","13","0","90.9","90.7"
"","Carlton Carrington","Was","G","19.4","30","29.8","14.9","18.1","27","0.815","120","0.467","133","0.338","0.488","0.508","9","4.3","3.9","0.8","0.2","1.9","13.3","12.8","17.1","7.1","98.9","113.8"
"","Noah Clowney","Bro","F-C","20.5","23","20","18.9","10.8","29","0.793","49","0.469","115","0.391","0.552","0.577","8.9","3.7","0.7","0.3","0.5","0.9","12.5","9.6","13.3","5.7","109.5","105"
"","Julian Strawther","Den","G","22.7","31","20.5","17.3","10.9","51","0.843","104","0.548","109","0.367","0.549","0.588","8.9","2.1","1.3","0.7","0.4","0.8","11","10.2","12.3","5.7","113.4","107.9"
"","Aaron Wiggins","Okc","G","26","31","20","18.9","9.8","24","0.833","124","0.516","114","0.377","0.54","0.557","8.9","3.2","1.3","0.9","0.3","0.8","12.1","10.3","13.5","6.7","110.1","103.7"
"","Garrison Mathews","Atl","G","28.2","24","18.5","15.5","9.4","49","0.837","18","0.389","116","0.457","0.646","0.688","8.9","1.3","1.5","0.7","0.3","0.6","10.2","10.4","11.7","5.6","133.1","110.3"
"","Tristan da Silva","Orl","F","23.6","30","25.3","15.8","11.4","32","0.781","117","0.521","115","0.339","0.515","0.536","8.8","3.6","1.7","0.4","0.2","1","12.4","10.5","14.1","6","107.8","107.4"
"","Toumani Camara","Por","F","24.6","31","30.6","13.4","16.2","35","0.743","114","0.509","129","0.341","0.51","0.53","8.8","5.7","1.9","1.4","0.5","1.5","14.6","10.7","16.5","6","107.1","112.6"
"","Peyton Watson","Den","G","22.3","31","24.1","14.3","10.6","64","0.781","137","0.562","65","0.354","0.552","0.593","8.8","3.3","1.4","0.8","0.9","0.8","12.1","10.2","13.5","5.7","119.2","111.2"
"","Jusuf Nurkic","Pho","C","30.4","23","24.3","18.7","25.4","65","0.692","99","0.535","56","0.304","0.506","0.55","8.8","9.5","1.9","1","0.7","2.3","18.3","10.7","20.2","8.9","100.6","100.5"
"","Dereck Lively II","Dal","C","20.9","25","24.1","13.2","19.8","60","0.617","129","0.698","0","0","0.698","0.698","8.7","7.8","2.5","0.6","1.6","1.3","16.4","11.2","18.9","9.2","136.3","101.5"
"","Trayce Jackson-Davis","Gol","F","24.9","31","18.7","17.4","11.9","54","0.648","192","0.609","1","0","0.606","0.621","8.7","5.9","2.1","0.4","0.9","0.8","14.5","10.8","16.6","10.2","127","106.6"
"","Kentavious Caldwell-Pope","Orl","G","31.9","33","30.9","12.6","9.5","51","0.922","88","0.58","159","0.289","0.486","0.533","8.7","2","2","1.6","0.6","0.8","10.7","10.7","12.7","4.2","110.4","105.4"
"","Svi Mykhailiuk","Uta","G-F","27.6","9","16.8","21.6","18.6","6","0.667","14","0.571","47","0.404","0.598","0.605","8.6","1.6","1.4","0.9","0.2","1.6","10.1","10","11.6","6.4","104.1","117.8"
"","Ja'Kobe Walter","Tor","G","20.3","17","20.2","19.7","11.2","29","0.724","71","0.507","63","0.286","0.47","0.501","8.6","2.8","1.5","0.6","0.3","1","11.5","10.2","13","6.5","102.9","111.2"
"","Jaime Jaquez Jr.","Mia","G","23.9","26","21.6","20.6","16.5","61","0.754","142","0.479","55","0.255","0.452","0.5","8.6","4.7","2.1","1.1","0.1","1.5","13.3","10.7","15.4","8.1","101.4","104.9"
"","Nikola Jovic","Mia","F","21.6","21","20.1","17.3","9.6","48","0.813","63","0.508","68","0.382","0.542","0.595","8.6","3.6","1.7","0.9","0.1","0.7","12.2","10.3","13.9","7.5","120.7","105.7"
"","Ziaire Williams","Bro","F","23.3","21","21.8","19.1","10.7","44","0.795","93","0.495","66","0.273","0.459","0.507","8.6","4.4","1.1","1","0.3","0.9","13","9.8","14.1","6.4","103.6","104.7"
"","Anthony Black","Orl","G","20.9","33","24","19.2","23.4","85","0.753","160","0.481","79","0.266","0.454","0.508","8.5","2.7","3.5","0.9","0.7","2.2","11.2","12.1","14.8","7.2","97.6","102.3"
"","Cody Martin","Cha","F","29.3","30","26","14.7","13.3","37","0.703","112","0.563","109","0.312","0.516","0.535","8.5","4.7","2.3","1.2","0.7","1.1","13.1","10.7","15.4","6.9","109.9","109.6"
"","Draymond Green","Gol","F","34.8","28","28.5","15.2","25.9","60","0.6","91","0.451","106","0.377","0.513","0.533","8.5","6.3","5.6","1.1","1.1","2.5","14.8","14.1","20.4","9.4","105.6","101.3"
"","Jaylen Nowell","Nor","G","25.5","8","21","21.4","9.8","11","0.636","46","0.391","27","0.296","0.411","0.43","8.4","2.5","2.3","0.1","0.5","1","10.9","10.6","13.1","6.9","94.2","121"
"","Cam Whitmore","Hou","F","20.5","14","12.4","29","7.1","24","0.708","60","0.583","44","0.227","0.481","0.511","8.4","2.4","0.5","0.4","0.1","0.6","10.8","8.9","11.3","7","106.3","104.5"
"","Georges Niang","Cle","F","31.5","32","20.7","16.7","12.3","14","0.786","78","0.641","142","0.373","0.589","0.597","8.4","4","1.5","0.4","0.2","1","12.4","9.9","13.9","7.1","113.4","102.6"
"","Trendon Watford","Bro","G-F","24.1","13","16","23.4","16.8","35","0.857","53","0.509","26","0.308","0.494","0.572","8.3","2.8","1.2","0.4","0.3","1.2","11.1","9.5","12.2","7.6","105.6","103.4"
"","Isaiah Joe","Okc","G","25.5","29","20.7","17","6.1","17","0.706","46","0.522","171","0.351","0.525","0.535","8.3","2.7","1.4","0.7","0.2","0.5","11","9.7","12.4","6.1","110.4","103"
"","Bones Hyland","Lac","G","24.3","12","11.4","29.9","17.2","18","0.833","20","0.35","52","0.442","0.576","0.613","8.2","1.1","1.2","0.9","0.3","1.3","9.3","9.3","10.4","7.8","109.1","100.6"
"","Jake LaRavia","Mem","F","23.2","33","22.1","15.2","22.1","68","0.706","122","0.516","72","0.444","0.572","0.603","8.2","4.5","3.2","0.9","0.5","1.7","12.7","11.4","15.9","8.9","116.4","103.3"
"","Mike Conley","Min","G","37.2","27","25.3","15.7","14.3","36","0.917","59","0.322","138","0.355","0.47","0.512","8.1","2.8","4.4","1.4","0.2","1.2","10.9","12.5","15.3","7.3","113","106.2"
"","Brandin Podziemski","Gol","G","21.8","30","24.2","15.7","11.5","30","0.733","125","0.496","105","0.295","0.472","0.491","8","4.5","3.2","1","0.2","1","12.5","11.2","15.7","8","108.5","107.8"
"","Brice Sensabaugh","Uta","F","21.2","25","16.9","20.1","18.8","23","0.913","58","0.552","97","0.392","0.574","0.603","8","2.6","1.3","0.6","0.1","1.4","10.5","9.3","11.8","7.1","107.4","116.4"
"","Jalen Smith","Chi","F-C","24.8","29","15.4","19.8","8.8","43","0.791","82","0.622","94","0.34","0.563","0.595","8","5.5","0.8","0.3","0.7","0.6","13.5","8.8","14.3","8.5","119","107.2"
"","Luke Kennard","Mem","G","28.5","21","20.2","14.3","14","23","0.826","33","0.394","90","0.444","0.593","0.62","7.9","2.4","2.9","0.6","0.1","1","10.3","10.8","13.2","7.5","124.5","111.8"
"","Sam Hauser","Bos","F","27.1","25","21.6","13.9","4.6","2","1","28","0.75","138","0.362","0.578","0.581","7.8","3.2","1.2","0.8","0.2","0.3","11","8.9","12.1","5.8","122.4","108.4"
"","Moses Moody","Gol","G","22.6","26","15.9","19.9","11","39","0.744","66","0.53","95","0.368","0.543","0.573","7.8","1.8","0.8","0.4","0.2","0.8","9.7","8.7","10.5","5.6","109.3","109.4"
"","Vasilije Micic","Cha","G","31","21","22","20.6","20.3","20","0.8","91","0.33","81","0.358","0.427","0.451","7.8","2.5","3.8","0.6","0","2.1","10.3","11.5","14","7.6","93.5","115.1"
"","A.J. Green","Mil","G","25.3","29","21.8","13.2","10.2","9","0.889","19","0.526","148","0.439","0.644","0.652","7.7","2.3","1.3","0.5","0.1","0.7","10","9","11.3","5.2","120.2","107.4"
"","Kelly Olynyk","Tor","F-C","33.7","9","16.6","21.8","26.6","18","0.833","32","0.406","20","0.45","0.51","0.567","7.6","4.9","2.6","1","0.2","2.1","12.4","10.1","15","11.1","102.2","97.4"
"","Ausar Thompson","Det","G-F","21.9","12","17.4","21.2","16.6","18","0.5","64","0.547","16","0.25","0.513","0.518","7.6","4.2","1.8","0.9","0.3","1.3","11.8","9.4","13.6","8.9","102.8","98.8"
"","DaQuan Jeffries","Cha","G-F","27.3","8","19","14.7","11.7","4","0.75","25","0.6","20","0.45","0.633","0.642","7.5","2.9","0.6","0.6","0.6","0.8","10.4","8.1","11","5","118","109.3"
"","Josh Green","Cha","G","24.1","30","28.8","11.5","14","32","0.594","83","0.422","107","0.421","0.539","0.549","7.5","2.7","1.5","0.9","0.4","1","10.1","9","11.7","4.3","108.7","109.3"
"","Taurean Prince","Mil","F","30.8","30","26","12.6","17.2","17","0.765","68","0.426","110","0.464","0.593","0.604","7.5","4","1.7","0.8","0.2","1.2","11.5","9.1","13.2","5.7","108.7","107.1"
"","Tyrese Martin","Bro","F","25.8","16","16.6","18.3","12.3","11","0.818","29","0.586","63","0.397","0.592","0.609","7.4","3.3","1.3","0.4","0.2","0.8","10.6","8.6","11.9","7.6","115.9","112.1"
"","Shake Milton","Bro","G","28.3","27","18.2","17.3","11.3","33","0.758","85","0.529","72","0.389","0.554","0.58","7.4","1.9","2.4","0.6","0","0.7","9.3","9.7","11.6","7.1","119.3","112.1"
"","Sam Merrill","Cle","G","28.6","28","19.6","15.2","7.5","18","0.944","22","0.636","150","0.353","0.544","0.567","7.3","1.9","1.6","0.6","0.3","0.5","9.2","8.9","10.8","5.7","117.4","105.8"
"","Brandon Clarke","Mem","F","28.3","31","18.4","13.9","8.6","31","0.613","154","0.662","16","0.063","0.609","0.615","7.3","5.1","1","0.8","0.5","0.5","12.4","8.3","13.4","7.3","126.5","99.6"
"","Wendell Carter Jr.","Orl","C-F","25.7","21","24.7","13.1","12.1","55","0.709","76","0.618","40","0.175","0.496","0.549","7.3","7.1","2.2","0.7","0.6","0.8","14.5","9.5","16.7","7.9","119.6","98.8"
"","Kyshawn George","Was","F","21.1","25","25.9","14.7","12.5","32","0.719","63","0.492","125","0.256","0.42","0.448","7.2","4","2.3","0.7","0.7","1.1","11.2","9.6","13.6","6.2","95.2","112.7"
"","Max Christie","Lal","G","21.9","30","21.8","13.6","12.5","63","0.873","78","0.513","75","0.36","0.526","0.598","7.2","2.3","1.2","0.9","0.4","0.7","9.5","8.4","10.7","5","118.3","112.1"
"","Keon Johnson","Bro","G","22.8","30","19.5","20.3","13.2","22","0.727","91","0.473","133","0.286","0.446","0.462","7.2","3.1","1.2","0.7","0.3","1.1","10.3","8.4","11.5","6.1","90.3","105.2"
"","Haywood Highsmith","Mia","F","28.1","28","24.9","11.5","14.3","19","0.684","62","0.565","88","0.443","0.623","0.631","7.1","3.3","1","1","0.6","0.9","10.4","8.2","11.4","4.6","115.6","106.1"
"","Johnny Juzang","Uta","G","23.8","27","16.9","16.1","7.8","19","0.842","43","0.465","110","0.4","0.562","0.583","7","2.4","1","0.4","0.1","0.5","9.4","7.9","10.3","6.1","119.4","114.1"
"","Isaiah Jackson","Ind","F","23","5","16.8","17.7","17.7","14","0.5","23","0.609","0","0","0.609","0.6","7","5.6","1","0.6","1.6","1","12.6","8","13.6","8.1","118.7","99.9"
"","Kris Dunn","Lac","G","30.8","32","23.8","14","15.6","12","0.5","100","0.56","105","0.333","0.529","0.53","7","3.6","2.8","1.8","0.3","1.2","10.6","9.8","13.4","6.9","107.9","100.1"
"","Cameron Payne","Nyk","G","30.4","27","15.1","19.4","8.6","12","0.833","60","0.5","100","0.4","0.563","0.575","7","1.6","2.6","0.6","0.3","0.6","8.6","9.7","11.2","8.1","122.6","104.3"
"","Torrey Craig","Chi","F","34","9","12.5","17.3","0","4","0.75","10","0.7","35","0.429","0.656","0.663","6.9","2.8","0.6","0.2","0.1","0","9.7","7.4","10.2","7.2","136.3","107.2"
"","Andre Drummond","Phi","C","31.4","24","19.3","18.8","23","54","0.574","125","0.528","9","0.111","0.504","0.526","6.9","8","0.5","1.3","0.4","1.7","15","7.4","15.5","6.3","100.4","96.3"
"","Robert Williams III","Por","C-F","27.2","11","16.6","13.2","17.2","13","0.923","40","0.75","3","0.333","0.733","0.77","6.8","4.9","1.1","0.7","1.5","0.8","11.7","7.9","12.8","8","139.4","112.9"
"","Jeremiah Robinson-Earl","Nor","F","24.2","29","19.4","15.3","12.5","29","0.862","93","0.548","75","0.307","0.509","0.542","6.8","4.8","1.2","0.8","0.1","0.8","11.6","8","12.8","7","113.5","115.7"
"","Elfrid Payton","Nor","G","30.9","7","20.5","19.5","30.2","2","0.5","45","0.511","1","0","0.5","0.501","6.7","3.4","6.9","1.4","0.4","2.9","10.1","13.6","17","10.5","99.2","114.1"
"","Josh Okogie","Pho","G","26.3","19","15","19.3","13.2","27","0.667","63","0.524","35","0.4","0.551","0.573","6.6","3.2","0.5","1","0.4","0.8","9.8","7.2","10.4","5.9","112.4","111.5"
"","Davion Mitchell","Tor","G","26.3","29","26.3","13.4","23","31","0.677","92","0.489","88","0.307","0.475","0.496","6.6","2.1","5","0.8","0.2","1.9","8.8","11.6","13.7","6.2","102.6","113.1"
"","Isaac Okoro","Cle","F-G","23.9","23","21","11.2","7.7","21","0.714","46","0.5","61","0.492","0.636","0.65","6.6","2.3","1.7","0.7","0.4","0.4","8.8","8.3","10.6","5.6","136.6","106.2"
"","Alec Burks","Mia","G","33.4","16","17.1","13.9","6.4","20","0.8","21","0.429","52","0.462","0.616","0.648","6.6","2.1","1.1","0.7","0.3","0.3","8.7","7.8","9.8","5.8","131","110.8"
"","Day'Ron Sharpe","Bro","C","23.2","11","15.1","22.5","14.2","17","0.882","53","0.472","13","0.154","0.424","0.483","6.5","5.4","0.8","0.9","0.5","1","11.8","7.3","12.6","8.1","105.1","104"
"","Kenrich Williams","Okc","G-F","30.1","21","13.4","15.7","6","10","1","46","0.717","47","0.426","0.677","0.698","6.5","3.3","1.1","0.7","0.2","0.3","9.8","7.6","10.9","8.6","141.5","93.8"
"","Cason Wallace","Okc","G","21.1","30","26.7","11.3","8.6","7","0.857","99","0.535","92","0.304","0.497","0.505","6.5","3.4","2.2","1.7","0.8","0.6","10","8.8","12.2","5.5","112.3","101.8"
"","Keon Ellis","Sac","G","25","31","19.7","12.6","15.9","36","0.861","40","0.575","97","0.423","0.617","0.654","6.5","2.3","1","1.2","0.8","0.8","8.7","7.5","9.7","5","120.7","107.5"
"","Jaden Hardy","Dal","G","22.5","25","14.4","22.9","18.2","26","0.846","79","0.456","69","0.333","0.476","0.511","6.5","1.5","1.1","0.6","0.1","1.3","8","7.6","9.1","6.1","92.9","106.5"
"","Trey Lyles","Sac","F","29.2","23","20","14","8.6","25","0.76","37","0.459","90","0.356","0.512","0.54","6.5","4.1","0.8","0.5","0.5","0.5","10.6","7.3","11.4","5.5","112.2","109.9"
"","Ajay Mitchell","Okc","G","22.5","31","16.3","15.9","14.7","26","0.808","106","0.538","45","0.467","0.586","0.609","6.4","2","1.7","0.8","0.1","0.8","8.4","8.1","10.1","6.9","116.6","99.4"
"","Simone Fontecchio","Det","F","29.1","30","17.9","15.6","14","41","0.829","52","0.519","101","0.347","0.52","0.564","6.4","2.8","0.9","0.3","0.2","0.8","9.3","7.3","10.2","5.6","109.1","112.4"
"","KJ Martin","Phi","F","24","24","20","11.3","10.8","29","0.828","78","0.679","21","0.381","0.657","0.689","6.4","3","0.8","0.5","0.7","0.5","9.4","7.2","10.2","5","133.8","103.9"
"","Jaxson Hayes","Lal","C-F","24.6","11","17.4","12.4","18","23","0.783","36","0.722","0","0","0.722","0.759","6.4","4.5","0.8","0.4","0.8","0.7","10.9","7.2","11.7","6.5","143.6","102.9"
"","Ronald Holland II","Det","F","19.5","32","15.8","18","14.1","36","0.778","110","0.618","60","0.217","0.515","0.546","6.3","3","0.7","0.5","0.2","0.9","9.3","7","10","6","102.6","107.6"
"","Dru Smith","Mia","G","27","14","19.2","13.7","21.7","13","0.769","31","0.484","30","0.533","0.639","0.659","6.3","2.6","1.6","1.5","0.4","1.2","8.9","7.9","10.5","6.2","116","101.3"
"","Talen Horton-Tucker","Chi","G","24.1","27","12.5","20.5","10.7","37","0.676","73","0.548","60","0.367","0.549","0.573","6.3","2","1.6","0.4","0.3","0.6","8.4","7.9","10","8.7","115","111.4"
"","Terance Mann","Lac","G-F","28.2","23","21","13.5","9.2","24","0.667","81","0.494","47","0.34","0.5","0.52","6.3","3.1","1.7","1","0.2","0.6","9.3","8","11.1","6.1","114","103.6"
"","Ryan Dunn","Pho","F","22","27","18.2","15.7","8.3","14","0.5","58","0.638","97","0.299","0.519","0.521","6.2","2.7","0.8","0.6","0.7","0.5","8.9","7","9.7","5.2","104.6","107.3"
"","Jarace Walker","Ind","F","21.3","33","17.9","16.5","20.7","39","0.615","75","0.52","89","0.382","0.549","0.563","6.2","3.4","1.5","1","0.3","1.3","9.6","7.7","11.1","7.1","99","108.4"
"","Cole Anthony","Orl","G","24.6","31","11.8","28.3","20.4","43","0.791","102","0.451","73","0.301","0.451","0.495","6.2","2.2","2.3","0.4","0.2","1.5","8.4","8.5","10.7","10.7","96.4","96.7"
"","Isaiah Wong","Cha","G","23.9","10","14.3","23","15.1","26","0.654","39","0.41","17","0.235","0.393","0.452","6.1","2.2","1.8","0.6","0","1","8.3","7.9","10.1","8.1","100","111.9"
"","Jamison Battle","Tor","F","23.6","29","13.8","15.2","7.8","14","0.857","34","0.618","96","0.427","0.635","0.65","6.1","1.9","1","0.1","0.1","0.4","8","7.1","9","6.6","128.3","115.3"
"","Marcus Sasser","Det","G","24.3","21","13.5","17.9","15.5","6","1","51","0.647","47","0.404","0.628","0.641","6.1","1","1.8","0.9","0.1","0.9","7.1","8","8.9","6.6","119.8","110"
"","Dean Wade","Cle","F-C","28.1","23","22.4","11","4.9","23","0.478","17","0.647","99","0.364","0.56","0.559","6.1","5.1","1.5","1","0.5","0.3","11.2","7.6","12.7","6.4","124.1","105"
"","Kyle Filipowski","Uta","C","21.1","21","16.8","15.3","17.8","37","0.568","57","0.614","35","0.343","0.576","0.586","6","4.2","1.8","0.6","0.1","1","10.2","7.9","12","8.5","115.6","110"
"","Quenton Jackson","Ind","G","26.3","17","14.8","16.6","12.6","21","0.714","52","0.577","24","0.375","0.572","0.598","6","1.6","1.8","0.5","0.3","0.6","7.6","7.8","9.4","7","120.3","108.8"
"","James Wiseman","Ind","C","23.8","1","4.6","46.2","0","2","1","3","0.667","1","0","0.5","0.615","6","1","0","0","0","0","7","6","7","0","123.4","120.7"
"","Javonte Green","Nor","G","31.4","31","21.3","11.8","12","43","0.744","86","0.535","60","0.35","0.531","0.567","6","3.2","0.7","1","0.6","0.6","9.2","6.7","9.9","4.5","112.8","116.5"
"","Ben Simmons","Bro","G-F","28.4","25","25.1","14.3","37.2","21","0.714","121","0.562","0","0","0.562","0.58","6","5.4","6.9","0.8","0.5","2.9","11.4","13","18.3","9.7","108.9","108.3"
"","Kevin Love","Mia","F-C","36.3","16","11.4","27","12.5","19","0.684","41","0.341","50","0.36","0.451","0.478","5.9","4.5","1.2","0.8","0.1","0.8","10.4","7.1","11.6","11.1","100.5","99"
"","Jordan Miller","Lac","G","24.9","19","14.2","20.3","13.5","22","0.773","72","0.514","30","0.233","0.466","0.501","5.9","1.8","1.1","0.3","0.2","0.8","7.7","6.9","8.8","6.4","102.2","109"
"","Isaiah Stewart","Det","F-C","23.6","28","21.3","11.7","19.5","33","0.879","96","0.615","23","0.261","0.571","0.618","5.9","5.9","1.8","0.5","1.2","1","11.8","7.7","13.6","7.5","124.1","104"
"","Malaki Branham","San","F","21.6","21","12.1","23","20.4","20","0.85","57","0.474","44","0.386","0.52","0.556","5.8","1.4","1.2","0.3","0.1","1.2","7.2","7","8.5","7.1","96.3","112.2"
"","Jonathan Isaac","Orl","F","27.2","28","16.7","16.3","8.7","36","0.667","73","0.548","73","0.26","0.469","0.497","5.8","4.7","0.4","0.9","1.3","0.5","10.4","6.1","10.8","5.3","107.5","99.9"
"","Donovan Clingan","Por","C","20.9","25","15.9","15.9","21.9","26","0.731","94","0.564","16","0.313","0.55","0.576","5.6","6.1","0.6","0.5","1.6","1.2","11.7","6.2","12.3","6.9","109.3","101"
"","Ben Sheppard","Ind","G","23.5","19","19.9","11.7","6.9","0","0","28","0.5","67","0.388","0.558","0.558","5.6","2.3","1.1","0.4","0.3","0.4","7.8","6.7","8.9","4.9","113.2","109.3"
"","Jared Butler","Was","G","24.3","21","10.7","24.2","14.8","23","0.739","78","0.513","25","0.28","0.49","0.522","5.6","1","2.4","0.3","0.1","0.9","6.6","8","9","8.9","107.9","115.3"
"","Zach Collins","San","F-C","27.1","25","13.9","17.6","17.1","32","0.875","69","0.551","37","0.324","0.528","0.583","5.6","3.2","1.7","0.4","0.5","0.9","8.8","7.3","10.5","9","116.9","99"
"","Ricky Council IV","Phi","G","23.4","23","12.5","18.8","8.7","46","0.848","58","0.5","36","0.278","0.468","0.556","5.5","2","0.7","0.3","0.2","0.4","7.5","6.2","8.2","6.3","117.3","110"
"","Trevelin Queen","Orl","G","27.8","8","16","14.5","24.1","4","1","15","0.533","16","0.5","0.645","0.672","5.5","1","1.3","1","0.4","1.3","6.5","6.8","7.8","4.8","107.7","99.2"
"","Alex Caruso","Okc","G","30.8","20","19.9","14.2","11.6","9","0.778","49","0.531","65","0.262","0.452","0.466","5.5","2.9","2.5","1.9","0.6","0.8","8.4","8","10.9","6.9","103.3","96.4"
"","Jonathan Mogbo","Tor","F","23.2","32","17.5","14.6","16.9","46","0.717","123","0.488","24","0.292","0.48","0.52","5.4","4.6","1.7","0.8","0.5","0.9","10","7.2","11.7","8","111.3","108.6"
"","Pelle Larsson","Mia","G","23.9","18","16.1","13.9","12.3","25","0.64","39","0.615","32","0.344","0.57","0.591","5.4","1.8","1.4","0.6","0","0.6","7.2","6.8","8.6","5.9","119.2","101"
"","Lindy Waters III","Gol","F","27.4","25","17.5","14.2","6.1","7","0.857","38","0.421","100","0.32","0.464","0.475","5.4","2.6","1.3","0.7","0.2","0.4","8","6.6","9.2","6","105.4","105.2"
"","Lonzo Ball","Chi","G","27.2","14","18.2","15","17.2","10","0.8","12","0.417","60","0.317","0.465","0.491","5.4","3.1","3.6","1.2","0.5","1.1","8.4","9","12.1","8.6","107.3","110.1"
"","Thomas Bryant","Ind","C-F","27.4","7","12","15.5","6.8","2","1","14","0.714","13","0.385","0.648","0.664","5.3","3.4","0.4","0.6","0.4","0.3","8.7","5.7","9.1","6.4","132.4","110.5"
"","Kobe Bufkin","Atl","G","21.3","10","12.4","20.7","14.5","18","0.722","28","0.5","19","0.211","0.426","0.483","5.3","2.1","1.7","0.3","0.2","0.8","7.4","7","9.1","8.6","102.3","111.6"
"","Vince Williams Jr.","Mem","G","24.3","3","14.9","24.6","26.8","4","0.25","11","0.545","8","0.125","0.395","0.385","5.3","3.7","3","0","0.7","2.3","9","8.3","12","10.4","81","94.1"
"","Paul Reed","Det","F","25.5","18","11.7","17.2","14.4","21","0.81","50","0.64","15","0.333","0.608","0.647","5.3","2.5","1.1","1.3","0.7","0.6","7.8","6.4","8.9","8.4","126.1","96.3"
"","Neemias Queta","Bos","C","25.5","26","15.7","12.9","16.5","30","0.733","89","0.652","2","0","0.637","0.662","5.3","4.5","0.7","0.3","0.9","0.7","9.8","6","10.5","6.5","129.7","100"
"","Monte Morris","Pho","G","29.5","26","13.3","18.1","9.3","31","0.839","62","0.5","54","0.296","0.474","0.525","5.2","1.5","1.8","0.5","0.1","0.5","6.8","7","8.6","7.3","114.1","116.7"
"","Matas Buzelis","Chi","F","20.2","31","13.1","18.7","10.6","28","0.786","76","0.395","75","0.333","0.447","0.481","5.1","2.6","0.5","0.3","0.8","0.6","7.7","5.6","8.2","5.7","95.3","109.4"
"","Seth Curry","Cha","G","34.4","29","13.5","14.6","7","14","0.857","58","0.5","62","0.419","0.567","0.587","5.1","1.4","0.4","0.4","0.2","0.3","6.5","5.6","6.9","4.2","118.1","112.4"
"","Jaylin Williams","Okc","F","22.5","4","12.4","14.6","11.8","0","0","2","0.5","13","0.462","0.667","0.667","5","2.3","2.5","0.3","0.3","0.5","7.3","7.5","9.8","9.9","139.2","98"
"","Precious Achiuwa","Nyk","F","25.3","12","19.5","13.3","20.2","15","0.533","40","0.5","11","0.364","0.51","0.521","5","6.8","1.3","0.7","0.8","1.1","11.8","6.3","13","7.3","110.3","105.3"
"","Cam Christie","Lac","G","19.4","1","17.8","19.4","12.5","0","0","3","0.333","4","0.25","0.357","0.357","5","3","0","2","0","1","8","5","8","0","72.1","109.9"
"","Alondes Williams","Det","G","25.5","1","3.7","23.1","0","0","0","1","1","1","1","1.25","1.25","5","0","1","0","0","0","5","6","6","0","0","0"
"","JT Thor","Cle","F","22.3","5","5.1","24.7","16.1","6","1","6","0.833","4","0.75","0.95","0.989","5","0.8","0","0.4","0.6","0.4","5.8","5","5.8","0","157.7","95.2"
"","Jamal Shead","Tor","G","22.4","28","15.5","16.8","22.2","12","0.75","77","0.481","56","0.339","0.492","0.506","5","1.2","3.3","0.5","0.1","1.4","6.2","8.3","9.5","7","101.3","110.9"
"","Kyle Anderson","Gol","F-G","31.3","26","14.5","15.9","9.5","20","0.65","81","0.444","42","0.357","0.476","0.493","5","3","2.2","0.8","0.5","0.5","8","7.2","10.2","8.8","112.8","105.2"
"","Eric Gordon","Phi","G","36","19","16.6","15.7","13.5","22","0.773","38","0.474","51","0.275","0.438","0.481","5","0.9","1.3","0.7","0.3","0.7","5.9","6.3","7.2","4.3","97.6","114.5"
"","Tidjane Salaun","Cha","F","19.4","28","19.2","14.1","13.6","24","0.708","53","0.34","93","0.301","0.411","0.438","4.9","4.3","1.1","0.6","0.2","0.8","9.2","6","10.4","5.9","95.1","109.8"
"","Charles Bassey","San","C-F","24.2","21","10.7","19.6","16.4","25","0.6","76","0.579","0","0","0.579","0.592","4.9","4.3","0.4","0.3","1","0.7","9.2","5.3","9.6","7.6","113.3","99"
"","Marvin Bagley III","Was","F","25.8","19","8.8","23","13.4","23","0.652","61","0.59","10","0.2","0.549","0.573","4.9","2.9","0.4","0.4","0.3","0.6","7.8","5.3","8.2","8.1","113","114.8"
"","Kevon Looney","Gol","F","28.9","28","15.8","13.8","13.2","41","0.439","112","0.527","0","0","0.527","0.523","4.9","6.9","1.7","0.7","0.2","0.6","11.8","6.5","13.5","9.8","122.8","95.3"
"","Max Strus","Cle","G-F","28.8","4","20.9","13.9","14.8","0","0","4","0.5","19","0.263","0.413","0.413","4.8","3.8","1.5","0.5","0","1","8.5","6.3","10","5.8","88.9","103.4"
"","Ryan Rollins","Mil","G","22.5","16","11.7","19","20.7","9","0.778","33","0.455","28","0.464","0.566","0.585","4.8","1.9","1.1","1.1","0.5","1","6.6","5.9","7.8","7.4","102.4","100.7"
"","Drew Eubanks","Uta","F-C","27.9","24","13.3","14.1","19.1","31","0.613","72","0.625","4","0.5","0.632","0.641","4.8","3.8","1.1","0.2","0.6","0.8","8.6","5.9","9.7","8.2","121.4","112.6"
"","Pat Connaughton","Mil","G","32","16","16.8","14.3","13.4","12","0.75","26","0.5","45","0.311","0.479","0.505","4.8","2.9","1.6","0.2","0.3","0.7","7.7","6.4","9.3","6.7","105.3","108.4"
"","Taylor Hendricks","Uta","F","21.1","3","24.8","12.3","9.8","4","0.75","6","0.167","12","0.25","0.306","0.354","4.7","5","0.7","1.7","1.3","0.7","9.7","5.3","10.3","4.1","87.8","110.2"
"","David Roddy","Atl","F","23.8","17","13.2","13.3","21.9","13","0.846","25","0.72","28","0.393","0.651","0.681","4.7","2.5","1.1","0.4","0.2","0.9","7.2","5.8","8.4","7.1","114.6","112.6"
"","Keaton Wallace","Atl","G","25.8","16","15.5","14.7","19.2","4","1","34","0.471","37","0.351","0.5","0.515","4.7","1.4","1.9","0.8","0.4","1.1","6.1","6.6","7.9","6","97.3","112.7"
"","Julian Phillips","Chi","F","21.2","32","13.9","14.2","10.1","30","0.667","49","0.571","75","0.32","0.516","0.539","4.6","2.1","0.5","0.6","0.3","0.4","6.7","5.1","7.2","4.9","108.7","109.9"
"","Gary Payton II","Gol","G","32.1","28","13.1","14.3","11.6","15","0.6","74","0.716","32","0.156","0.571","0.577","4.6","2.8","1.2","0.7","0.4","0.5","7.4","5.9","8.6","7.6","119.9","102.5"
"","A.J. Lawson","Tor","G","24.5","2","4.8","21","0","2","0.5","2","0.5","2","1","1","0.922","4.5","1","0","0","0","0","5.5","4.5","5.5","0","159.2","122"
"","Dariq Whitehead","Bro","G-F","20.4","4","7","22.3","21.4","0","0","1","0","10","0.6","0.818","0.818","4.5","0.8","0.3","0.8","0.3","0.8","5.3","4.8","5.5","5.9","108.1","111.9"
"","Wendell Moore Jr.","Det","G","23.3","13","14","12.9","16.2","14","0.929","30","0.6","11","0.273","0.549","0.615","4.5","3.2","1.4","0.6","0.2","0.6","7.7","5.8","9.1","7.8","124.9","109.5"
"","Luke Kornet","Bos","C-F","29.5","26","16.9","9.8","12","39","0.744","73","0.603","0","0","0.603","0.649","4.5","5.1","1.5","0.5","1.1","0.4","9.6","6","11","7.7","148.6","106.3"
"","Antonio Reeves","Nor","G","22.1","16","9.3","22.1","6.6","7","0.857","36","0.528","34","0.265","0.464","0.486","4.4","1.1","0.6","0.3","0","0.3","5.6","5.1","6.2","6.1","102.7","120.4"
"","Sandro Mamukelashvili","San","F-C","25.6","20","9.2","16.6","13.8","15","0.733","17","0.765","39","0.436","0.688","0.703","4.4","2.8","0.4","0.2","0.3","0.5","7.2","4.8","7.5","7.4","124.5","107.7"
"","Kyle Lowry","Phi","G","38.8","22","20.3","10.3","14.8","23","0.783","20","0.4","60","0.35","0.494","0.538","4.4","1.9","2.9","1","0.4","0.6","6.3","7.3","9.2","5.7","119.5","107.3"
"","Jamal Cain","Nor","F","25.8","16","14","12.9","11.2","16","0.625","27","0.593","28","0.321","0.536","0.556","4.3","2.8","0.6","0.5","0.4","0.4","7.1","4.9","7.8","5.5","114","113.8"
"","Gabe Vincent","Lal","G","28.5","31","18.9","11.7","12.4","8","0.5","46","0.457","88","0.33","0.481","0.484","4.3","1.3","0.9","0.8","0.2","0.6","5.6","5.2","6.5","3.6","94.8","109.5"
"","KJ Simpson","Cha","G","22.4","10","13.4","19.8","17.4","13","0.769","23","0.478","24","0.125","0.33","0.389","4.1","1.7","1.9","0.7","0.2","1","5.8","6","7.7","7.1","90.5","109.3"
"","Dalen Terry","Chi","F","22.5","30","13.7","13.7","21.8","34","0.706","58","0.552","35","0.343","0.538","0.574","4.1","1.6","1","0.5","0.3","0.9","5.7","5.2","6.7","5.5","105.9","110.4"
"","Thomas Bryant","Mia","C-F","27.4","10","11.5","13.3","6.6","11","1","11","0.545","17","0.353","0.536","0.624","4.1","3.2","0.4","0.1","0.9","0.2","7.3","4.5","7.7","6","131.6","104.7"
"","Gary Harris","Orl","G","30.3","19","16.4","10.9","10.6","8","0.5","15","0.533","52","0.365","0.545","0.546","4.1","1.2","0.5","0.5","0.3","0.4","5.3","4.6","5.8","3.3","107.2","109.5"
"","Micah Potter","Uta","C","26.7","9","18.1","9.3","16.7","0","0","5","0.6","25","0.4","0.6","0.6","4","5.1","1.3","0.2","0.4","0.7","9.1","5.3","10.4","6.6","123.4","117.3"
"","Cam Spencer","Mem","G","24.7","7","11.6","12.9","17.1","8","1","10","0.4","9","0.444","0.526","0.622","4","1.7","1.6","0.1","0.1","0.6","5.7","5.6","7.3","7.6","127.5","106.9"
"","Josh Richardson","Mia","G","31.3","8","18.7","14","17.2","4","1","16","0.313","22","0.273","0.368","0.402","4","1.5","1.5","1","0.1","1","5.5","5.5","7","4.4","87.5","104.1"
"","Blake Wesley","San","G","21.8","22","11.4","18.2","22.6","21","0.714","55","0.545","20","0.2","0.48","0.516","4","0.9","1.9","0.4","0.1","1","4.8","5.9","6.7","6.7","100.2","113.4"
"","Mason Plumlee","Pho","F-C","34.8","30","17.2","11.1","24.7","55","0.6","78","0.564","1","0","0.557","0.586","4","6.1","1.8","0.3","0.7","0.9","10.1","5.8","11.9","8.2","122.4","104.4"
"","Luka Garza","Min","C","26","9","5.2","29.7","10.6","8","0.625","17","0.706","8","0.25","0.6","0.614","3.9","1.2","0.1","0.1","0","0.3","5.1","4","5.2","6","111.9","104.2"
"","Oso Ighodaro","Pho","F","22.5","25","15.8","10.1","14.6","19","0.579","70","0.614","0","0","0.614","0.619","3.9","3.8","0.9","0.5","0.3","0.5","7.6","4.8","8.6","6","124.5","108.3"
"","Kris Murray","Por","F","24.4","26","12.3","14.6","13.6","20","0.4","53","0.566","36","0.306","0.522","0.516","3.9","2","0.7","0.4","0.1","0.5","5.9","4.6","6.7","5.7","105.9","115.9"
"","Aaron Holiday","Hou","G","28.2","21","9.3","14.9","9.2","13","0.846","19","0.526","40","0.425","0.602","0.633","3.9","0.9","1.2","0.2","0.1","0.3","4.8","5.1","6","6.9","133.2","104.6"
"","Daniel Theis","Nor","F-C","32.7","23","14.5","12.3","17.9","20","0.9","51","0.549","22","0.227","0.486","0.544","3.9","3.7","1.5","0.4","0.6","0.7","7.6","5.4","9.1","7.7","112.6","108.1"
"","Doug McDermott","Sac","F","33","22","9.1","15.7","2.8","5","0.6","10","0.5","59","0.407","0.594","0.597","3.9","0.7","0.1","0.1","0","0.1","4.6","4","4.7","2.9","117.3","109.7"
"","Reggie Jackson","Phi","G","34.7","15","11.9","15.7","12.7","2","0.5","21","0.381","34","0.412","0.527","0.528","3.9","1.3","1.9","0.5","0.2","0.5","5.2","5.9","7.1","7.2","112.6","110.5"
"","Landry Shamet","Nyk","G","27.8","4","7.3","15.1","0","0","0","6","0.5","4","0.75","0.75","0.75","3.8","0.5","0.5","0.8","0","0","4.3","4.3","4.8","5.4","150.6","110.5"
"","Cam Reddish","Lal","F-G","25.3","24","19.5","8.5","14.6","21","0.619","34","0.647","36","0.306","0.55","0.568","3.8","2","0.9","1.2","0.4","0.5","5.8","4.6","6.7","3.9","111.4","109.7"
"","Jett Howard","Orl","G","21.3","31","10.2","18","9.3","7","0.857","30","0.5","87","0.31","0.474","0.487","3.8","1.1","0.5","0.2","0.2","0.4","4.9","4.2","5.4","5","98.3","104.9"
"","Mo Bamba","Lac","C","26.6","17","12.5","15.1","14.4","13","0.692","32","0.563","27","0.222","0.458","0.487","3.7","3.7","0.6","0.5","1.1","0.6","7.4","4.4","8.1","6.5","100.3","93.3"
"","Rob Dillingham","Min","G","20","15","8.5","23","23.9","0","0","30","0.467","21","0.429","0.539","0.539","3.7","0.7","1.7","0.1","0","1.1","4.4","5.3","6.1","7.7","96.6","112"
"","Nicolas Batum","Lac","G-F","36","32","18.5","8.8","15.6","13","0.769","18","0.389","79","0.392","0.552","0.57","3.7","2.8","1.6","0.6","0.4","0.6","6.5","5.3","8.1","5.5","119.3","106.5"
"","Isaac Jones","Sac","F","24.5","21","8.3","16.8","18.6","20","0.55","44","0.705","4","0.25","0.677","0.669","3.6","1.5","0.2","0.1","0.4","0.5","5.1","3.8","5.3","4.9","114.1","105.3"
"","Kel'el Ware","Mia","C","20.7","15","9.1","17.3","13.4","5","0.6","34","0.618","11","0.273","0.567","0.572","3.6","2.5","0.3","0.4","0.6","0.5","6.1","3.9","6.4","6.1","104.3","100.9"
"","Andre Jackson Jr.","Mil","G","23.1","29","18.5","11.8","25.3","13","0.538","52","0.423","51","0.353","0.476","0.483","3.6","3.2","1.5","0.7","0.2","1.2","6.8","5.1","8.3","5.6","94.4","101.6"
"","Tre Jones","San","G","25","14","16.6","10.8","17.5","17","0.765","28","0.5","14","0.214","0.44","0.505","3.6","2","3.9","0.7","0.3","0.6","5.6","7.5","9.5","7.3","124.5","109.2"
"","Bruno Fernando","Tor","F-C","26.4","16","8.9","19","22.5","8","0.75","48","0.542","0","0","0.542","0.563","3.6","3.1","1.1","0.3","0.6","0.9","6.8","4.8","7.9","10.4","107.8","99.7"
"","Patty Mills","Uta","G","36.4","9","15.3","12.3","20.3","3","1","7","0.571","24","0.292","0.468","0.495","3.6","0.9","1.4","0.7","0.2","0.9","4.4","5","5.9","4.3","97","119.5"
"","Cody Williams","Uta","F","20.1","19","19.2","11.3","16.3","14","0.643","35","0.4","42","0.238","0.377","0.403","3.5","2.3","1.2","0.4","0.3","0.8","5.8","4.7","7","4.4","88.1","117"
"","Jabari Walker","Por","F","22.4","24","10.3","16.2","14.6","18","0.722","54","0.556","22","0.182","0.474","0.506","3.5","3","0.5","0.3","0.1","0.5","6.5","4.1","7","6.7","103.9","108.7"
"","Jae'Sean Tate","Hou","F","29.2","15","8.3","17.3","17.7","17","0.706","30","0.633","7","0.143","0.554","0.596","3.5","2.2","0.7","0.6","0","0.5","5.7","4.2","6.4","8.4","115","86.8"
"","Jevon Carter","Chi","G","29.3","15","6.9","21","11.9","4","0.75","14","0.5","30","0.4","0.568","0.579","3.5","0.9","0.9","0.3","0","0.4","4.5","4.4","5.3","8.2","110","116.4"
"","Reed Sheppard","Hou","G","20.5","29","11.8","16.5","12.6","6","0.833","50","0.38","68","0.279","0.403","0.414","3.4","1.3","1.2","0.5","0.3","0.6","4.8","4.7","6","5.9","93","103.3"
"","Moussa Diabate","Cha","F","22.9","30","17.9","9","26.2","25","0.44","76","0.605","0","0","0.605","0.592","3.4","6.8","0.6","0.6","0.7","0.9","10.3","4.1","10.9","5.4","116.5","105.8"
"","Dario Saric","Den","F-C","30.7","10","13.6","16.6","21.4","6","0.833","21","0.333","19","0.263","0.363","0.399","3.4","3.5","1.1","0.6","0","1.1","6.9","4.5","8","6.9","84.2","105.6"
"","Jae Crowder","Sac","F","34.5","6","14.8","11.4","18.7","6","0.833","5","0.6","12","0.25","0.441","0.509","3.3","2.8","0.7","0.5","0","0.7","6.2","4","6.8","5","105.1","105.5"
"","Bol Bol","Pho","C-F","25.1","7","5.3","24.5","16.4","6","0.667","10","0.8","5","0.2","0.633","0.652","3.3","1.6","0.1","0","0","0.4","4.9","3.4","5","6.1","115.4","117.8"
"","Isaiah Collier","Uta","G","20.2","23","17.5","16.3","37.1","20","0.45","57","0.421","36","0.167","0.355","0.368","3.3","2.2","3.4","0.7","0.2","2.4","5.4","6.7","8.9","6.7","74.7","113.2"
"","Moses Brown","Ind","C","25.2","9","5.1","26.9","22.8","5","0.6","20","0.65","0","0","0.65","0.653","3.2","1.4","0","0.2","0.1","0.7","4.7","3.2","4.7","0","98.5","103.8"
"","Rayan Rupert","Por","G-F","20.6","25","9.9","14.8","16","16","0.75","37","0.541","31","0.29","0.493","0.526","3.2","1.4","0.5","0.3","0.1","0.5","4.6","3.7","5.1","5.3","105.1","117.1"
"","Johnny Davis","Was","G","22.8","21","8.9","15.3","6.2","11","0.636","40","0.525","20","0.3","0.5","0.517","3.2","1.5","0.4","0.6","0.3","0.2","4.7","3.6","5.1","5.6","107.5","113.4"
"","Nick Smith Jr.","Cha","G","20.7","14","8.9","18","5.7","2","0.5","22","0.364","27","0.333","0.439","0.441","3.1","0.8","0.7","0.3","0.1","0.2","3.9","3.9","4.6","5.4","97.8","113.7"
"","Jock Landale","Hou","C","29.2","18","9.7","16.1","16.6","19","0.526","43","0.419","7","0.429","0.45","0.471","3.1","2.7","0.8","0.2","0.4","0.6","5.7","3.8","6.5","7.8","103.5","102.1"
"","Pete Nance","Phi","F","24.9","1","2.9","15.1","0","0","0","0","0","1","1","1.5","1.5","3","1","0","0","0","0","4","3","4","0","0","0"
"","Quincy Olivari","Lal","G","23.6","1","8.2","21.4","25","0","0","0","0","3","0.333","0.5","0.5","3","0","0","0","0","1","3","3","3","0","69.1","124.4"
"","Oscar Tshiebwe","Uta","F-C","25.1","1","15.7","7.4","75.2","4","0.75","0","0","0","0","0","0.852","3","9","0","2","0","1","12","3","12","0","0","90.2"
"","Taze Moore","Por","G","26.5","2","10","26.9","16.4","2","0.5","6","0.167","4","0.25","0.25","0.276","3","4","0.5","1","0","1","7","3.5","7.5","7.3","71.1","117.3"
"","David Duke Jr.","San","G","25.2","1","8.2","25.6","0","2","0.5","3","0.333","1","0","0.25","0.307","3","0","2","0","0","0","3","5","5","0","88.5","109.8"
"","Richaun Holmes","Was","F","31.2","4","5.9","24.4","14.9","2","1","10","0.5","1","0","0.455","0.505","3","1.8","0","0","0.5","0.5","4.8","3","4.8","0","95.5","120.4"
"","Josh Minott","Min","F","22.1","18","7.4","16.1","10.8","7","0.714","23","0.739","18","0.278","0.598","0.613","3","1.4","0.6","0.5","0.3","0.3","4.4","3.6","5.1","7.4","120.6","96.4"
"","Collin Gillespie","Pho","G","25.5","1","3.5","25.3","0","0","0","1","0","1","1","0.75","0.75","3","0","0","0","0","0","3","3","3","0","0","0"
"","Vit Krejci","Atl","G","24.5","19","14","12.5","21","13","0.692","24","0.5","36","0.222","0.4","0.434","3","1.9","1.9","0.6","0.3","0.8","4.9","4.9","6.8","6.3","95.2","107.2"
"","Kobe Brown","Lac","F","25","7","6.7","19.1","0","2","0.5","14","0.571","6","0.167","0.475","0.479","2.9","2.3","0.6","0.1","0","0","5.1","3.4","5.7","9.5","117","100.1"
"","DeAndre Jordan","Den","C","36.4","19","10.5","12.6","24","13","0.308","41","0.634","0","0","0.634","0.599","2.9","3.8","0.8","0.3","0.5","0.7","6.8","3.8","7.6","7.9","110.3","102.7"
"","Johnny Furphy","Ind","G","20.1","20","10.3","14","14.2","7","1","22","0.409","32","0.344","0.472","0.508","2.9","1.5","0.5","0.4","0.3","0.5","4.4","3.4","4.8","5","102.8","112.2"
"","Ousmane Dieng","Okc","F","21.6","19","10.6","15.7","7.2","11","0.636","26","0.423","38","0.237","0.383","0.407","2.9","2.5","0.7","0.6","0.2","0.3","5.4","3.7","6.2","6.5","94.2","96.3"
"","Hunter Tyson","Den","F","24.5","21","9.5","12.6","16.9","15","0.867","19","0.579","25","0.32","0.523","0.583","2.8","1.9","0.5","0.2","0.1","0.4","4.7","3.3","5.2","5.8","113.1","106.8"
"","Drew Peterson","Bos","F","25.1","9","10.2","11.2","18.7","7","0.857","3","0.667","14","0.357","0.559","0.623","2.8","2","0.6","0.2","0.2","0.4","4.8","3.3","5.3","5.9","121.4","103"
"","Jeff Dowtin Jr.","Phi","G","27.6","10","9.7","13.2","7.3","5","0.8","16","0.563","9","0.222","0.48","0.515","2.8","1","1","0.3","0.1","0.2","3.8","3.8","4.8","5.8","115.1","112.9"
"","John Konchar","Mem","G","28.8","18","13.2","8.6","17.9","4","0.75","8","0.75","33","0.364","0.585","0.596","2.8","3.5","1.1","0.7","0.5","0.5","6.3","3.9","7.4","6.7","122.2","104.6"
"","Damion Lee","Pho","G-F","32.2","6","7.5","25.1","12.8","6","1","9","0.444","11","0.091","0.275","0.375","2.8","0.8","0.8","0.3","0","0.5","3.7","3.7","4.5","6.5","81.4","115.4"
"","Delon Wright","Mil","G","32.7","22","16.6","10.7","15.6","14","0.571","28","0.357","42","0.262","0.379","0.4","2.8","1.9","1.9","0.9","0.3","0.6","4.7","4.7","6.6","5.2","99.5","111.3"
"","TyTy Washington Jr.","Pho","G","23.1","3","8.9","11.6","14.3","0","0","3","0.333","3","0.667","0.667","0.667","2.7","0.3","1.3","0.7","0","0.3","3","4","4.3","4.6","129","120.8"
"","Brandon Williams","Dal","G","25.1","6","6.8","22.1","20.7","5","0.8","11","0.545","4","0","0.4","0.465","2.7","0.8","0.7","0.2","0","0.7","3.5","3.3","4.2","6.8","89","110"
"","Jalen Pickett","Den","G","25.2","7","9.4","12.8","20","0","0","4","0.5","12","0.417","0.594","0.594","2.7","1.1","2.4","0.1","0.1","0.6","3.9","5.1","6.3","8.2","124","110.9"
"","Jeff Green","Hou","F","38.3","9","6.1","15.6","9.9","2","0.5","7","0.714","11","0.364","0.611","0.609","2.6","0.8","0.1","0.2","0","0.2","3.3","2.7","3.4","3.9","114.3","104"
"","Taj Gibson","Cha","F","39.5","14","10.8","12.8","20.8","6","0.667","32","0.469","2","0.5","0.485","0.505","2.6","3.2","0.5","0.4","0.2","0.6","5.9","3.1","6.4","6","103.7","104.3"
"","Duop Reath","Por","C","28.5","15","6","16.4","3","6","0.667","8","0.5","24","0.375","0.547","0.563","2.6","0.9","0.3","0","0.1","0.1","3.5","2.9","3.8","5.9","124","112.9"
"","E.J. Liddell","Chi","F","24","6","5.1","14.9","19.2","2","1","2","1","6","0.5","0.813","0.845","2.5","0.8","0.5","0.2","0","0.3","3.3","3","3.8","7.8","138","92.9"
"","Craig Porter","Cle","G","24.8","19","8.9","12.1","19.9","5","0.6","25","0.6","11","0.455","0.625","0.628","2.5","0.9","1.3","0.3","0.3","0.5","3.4","3.8","4.7","6.4","119.3","111.3"
"","Steven Adams","Hou","C","31.4","19","10.5","13.2","40.3","27","0.37","31","0.613","0","0","0.613","0.56","2.5","3.9","1.2","0.3","0.2","1.1","6.5","3.7","7.6","8.6","101.2","98.4"
"","Tristan Thompson","Cle","C-F","33.8","13","7.3","18.3","17.6","14","0.286","27","0.519","1","0","0.5","0.468","2.5","2.6","0.3","0","0.3","0.5","5.1","2.8","5.4","6.8","95.2","101.2"
"","Trey Jemison","Nor","C","25.1","16","10.4","12.9","23.7","21","0.381","32","0.469","0","0","0.469","0.461","2.4","2.8","0.6","0.4","0.4","0.6","5.1","3","5.8","6.1","97.9","105.2"
"","Tyler Kolek","Nyk","G","23.8","19","6","18.6","14.8","4","1","16","0.375","24","0.417","0.525","0.551","2.4","0.6","0.6","0.3","0.1","0.4","3.1","3","3.6","6.3","105.5","107.1"
"","Chris Duarte","Chi","G","27.6","13","4.1","19.1","4.7","8","0.75","8","0.625","12","0.417","0.625","0.659","2.4","1.2","0.4","0","0","0.1","3.6","2.8","4","10.2","137.6","110.7"
"","Anthony Gill","Was","F","32.2","21","7.2","13.2","12.4","18","0.556","23","0.609","12","0.333","0.571","0.582","2.4","1.3","0.3","0.2","0","0.2","3.7","2.7","4","5.4","112.9","115.6"
"","Nate Williams","Hou","G","25.9","3","3.3","16.4","0","0","0","2","1","2","0.5","0.875","0.875","2.3","1","0","0.3","0","0","3.3","2.3","3.3","0","0","0"
"","Lester Quinones","Phi","G","24.1","4","4.3","32.1","32.2","1","1","5","0.8","3","0","0.5","0.533","2.3","1","0.3","0","0","1","3.3","2.5","3.5","8.2","83.8","121.3"
"","Maxi Kleber","Dal","F","32.9","21","18.8","7.2","22.8","12","0.75","27","0.444","20","0.25","0.415","0.459","2.3","3.2","0.9","0.2","0.5","0.7","5.5","3.1","6.4","4","94.9","106.3"
"","Vlatko Cancar","Den","F","27.7","4","8.6","11","22.2","0","0","5","0.6","2","0.5","0.643","0.643","2.3","2","0","0","0.3","0.5","4.3","2.3","4.3","0","106","108"
"","Jaylon Tyson","Cle","G-F","22.1","19","7.7","14.6","19.5","8","0.5","24","0.542","13","0.308","0.514","0.518","2.2","1.7","0.7","0.3","0","0.5","3.9","2.9","4.6","7.2","108.3","97.6"
"","Dillon Jones","Okc","F","23.2","25","8.2","15.3","11.6","10","0.6","25","0.52","36","0.194","0.385","0.405","2.1","1.8","0.7","0.2","0.1","0.3","3.9","2.8","4.6","6.7","96","98.2"
"","Olivier-Maxence Prosper","Dal","F","22.5","22","7.3","15","6.2","19","0.579","30","0.4","15","0.267","0.4","0.44","2.1","1.7","0.5","0.3","0.1","0.1","3.9","2.6","4.3","6.6","108.2","110.8"
"","Jordan McLaughlin","Sac","G","28.7","23","7.2","14.3","20.3","14","0.714","16","0.375","23","0.391","0.5","0.543","2.1","0.8","0.9","0.4","0","0.4","3","3","3.8","6.4","105.9","110.1"
"","Leonard Miller","Min","F","21.1","1","1.6","24","0","2","1","0","0","0","0","0","1.136","2","0","0","1","0","0","2","2","2","0","0","0"
"","Justin Edwards","Phi","F","21","2","4.5","16.8","0","1","0","2","1","1","0","0.667","0.581","2","1","0.5","0","0","0","3","2.5","3.5","8.9","123.2","116.3"
"","Orlando Robinson","Sac","C","24.5","8","6.3","17.5","16.5","6","0.5","10","0.5","5","0.2","0.433","0.454","2","1.5","1.1","0.3","0.1","0.4","3.5","3.1","4.6","9.5","103.6","102.8"
"","Jalen Hood-Schifino","Lal","G","21.5","2","7.1","8.9","41","2","1","1","1","0","0","1","1.064","2","0.5","0.5","0","0.5","0.5","2.5","2.5","3","4.5","151.1","101.3"
"","Adama Sanogo","Chi","F","22.9","4","5.4","15.6","12.5","0","0","7","0.571","0","0","0.571","0.571","2","1.5","0.3","0","0","0.3","3.5","2.3","3.8","7.2","126.2","120.4"
"","Alex Reese","Okc","F-G","25.6","1","1.9","22.4","0","0","0","1","1","0","0","1","1","2","1","0","0","0","0","3","2","3","0","0","0"
"","Tyler Smith","Mil","F","20.2","11","3.5","20.6","17.4","2","0.5","6","1","8","0.375","0.75","0.739","2","0.9","0.1","0","0.3","0.3","2.9","2.1","3","6.5","0","0"
"","Kai Jones","Lac","C-F","23.9","20","7.7","9.3","28.2","12","0.75","20","0.75","0","0","0.75","0.771","2","1.7","0.4","0.3","0.5","0.4","3.7","2.4","4.1","5.8","130.4","99.5"
"","Christian Koloko","Lal","C","24.5","20","9.1","8.6","20.4","4","0.75","25","0.68","2","0","0.63","0.643","1.9","2.3","0.2","0.3","0.4","0.4","4.1","2.1","4.3","4.2","122.6","104.2"
"","Patrick Baldwin Jr.","Was","F","22.1","14","4.3","16.4","9","4","0.5","9","0.556","11","0.455","0.625","0.62","1.9","0.9","0.1","0.1","0.1","0.1","2.8","2","2.9","5.2","115.1","116.7"
"","MarJon Beauchamp","Mil","F","24.2","14","3.8","29.7","33","6","0.833","11","0.545","11","0.273","0.477","0.528","1.9","0.9","0.1","0.1","0","0.8","2.8","2","2.9","5.8","0","0"
"","Ariel Hukporti","Nyk","C","22.7","12","8.2","12.2","41.3","8","0.5","14","0.643","0","0","0.643","0.628","1.8","1.8","0.5","0","0.7","0.8","3.7","2.3","4.2","5.7","90.5","101.1"
"","Caleb Houstan","Orl","G","22","21","6.2","12.4","2.8","5","1","6","0.333","28","0.321","0.456","0.497","1.7","0.4","0.2","0","0.1","0","2.1","1.9","2.3","3.3","109.2","108.2"
"","Jericho Sims","Nyk","C","26.2","29","11.6","6.9","30.4","9","0.667","34","0.647","0","0","0.647","0.659","1.7","3.6","0.6","0.2","0.3","0.5","5.3","2.3","5.9","5.3","128.1","102.6"
"","Yuki Kawamura","Mem","G","23.7","15","3.5","20.3","16.5","6","0.667","6","0.667","14","0.286","0.5","0.53","1.6","0.3","0.7","0.1","0","0.3","1.9","2.3","2.7","7.9","0","0"
"","Pacome Dadiet","Nyk","F","19.4","12","6.8","11.7","4.7","2","1","6","0.167","14","0.357","0.425","0.455","1.6","1.1","0.4","0.1","0.2","0.1","2.7","2","3.1","5.2","102.1","110.3"
"","Jazian Gortman","Dal","G","21.8","13","3.8","22.4","20.6","4","0.5","12","0.417","7","0.429","0.5","0.506","1.6","0.4","0.4","0.2","0.1","0.4","2","2","2.4","6.7","0","0"
"","Adem Bona","Phi","F","21.8","16","6.6","9.9","29.4","9","0.889","14","0.643","0","0","0.643","0.724","1.6","1.7","0.1","0","0.4","0.4","3.3","1.8","3.4","3.9","122.2","98.8"
"","Dwight Powell","Dal","F-C","33.4","26","8","6.6","28.2","26","0.654","14","0.786","1","1","0.833","0.794","1.6","1.8","0.8","0.4","0.5","0.2","3.4","2.4","4.2","6.6","154.8","98.4"
"","Alex Len","Sac","C","31.5","25","7.3","10.5","17.4","11","0.545","29","0.586","4","0","0.515","0.529","1.6","2","0.9","0.1","0.6","0.3","3.6","2.5","4.4","7.8","120.1","103.4"
"","Cory Joseph","Orl","G","33.4","19","6.1","14.3","13.2","0","0","11","0.273","22","0.364","0.455","0.455","1.6","1","0.7","0.3","0.1","0.3","2.6","2.3","3.3","6.8","100.4","103.4"
"","James Johnson","Ind","F","37.9","5","4.3","23.1","36.4","1","0","6","0.667","1","0","0.571","0.538","1.6","0.8","0.6","0","0.4","0.8","2.4","2.2","3","8.5","75","105.7"
"","Armel Traore","Lal","F","21.9","8","7.7","16.5","9.9","7","0.286","11","0.455","7","0","0.278","0.285","1.5","1.8","0.1","0.5","0.3","0.3","3.3","1.6","3.4","3.4","59.9","103.8"
"","Matt Ryan","Nyk","F","27.7","10","4.6","22.8","12.5","0","0","7","0.429","14","0.214","0.357","0.357","1.5","0.2","0","0.1","0","0.3","1.7","1.5","1.7","0","63.8","120.2"
"","Terrence Shannon Jr.","Min","G-F","24.4","10","4.6","15.4","18.8","0","0","10","0.6","3","0.333","0.577","0.577","1.5","0.2","0.5","0.2","0.1","0.3","1.7","2","2.2","4.6","102.9","113.3"
"","Enrique Freeman","Ind","F","24.4","17","7","10.9","15.2","9","0.556","16","0.563","6","0.167","0.477","0.501","1.5","0.8","0.4","0.1","0.1","0.2","2.4","1.9","2.7","4.5","101.6","109.6"
"","Jordan Walsh","Bos","G","20.8","23","8.8","9.9","11.6","8","0.5","9","0.556","29","0.241","0.408","0.421","1.5","1.3","0.3","0.3","0.3","0.2","2.8","1.8","3.1","3.8","97","107.5"
"","Colin Castleton","Mem","C","24.6","9","3.7","14.2","0","9","1","4","0.5","4","0","0.25","0.543","1.4","0.9","0","0","0.1","0","2.3","1.4","2.3","0","0","0"
"","AJ Johnson","Mil","G","20.1","5","2.1","32.9","25","0","0","5","0.4","1","1","0.583","0.583","1.4","0.4","0.2","0","0","0.4","1.8","1.6","2","9.2","0","0"
"","Adam Flagler","Okc","G","25.1","11","3.6","21.3","0","0","0","1","0","19","0.263","0.375","0.375","1.4","0.5","0","0.2","0","0","1.9","1.4","1.9","0","0","0"
"","Pat Spencer","Gol","G","28.5","10","4.9","18.5","18.7","2","1","14","0.429","3","0","0.353","0.391","1.4","1","1.4","0.6","0","0.4","2.4","2.8","3.8","10.2","101.7","101.7"
"","Markieff Morris","Dal","F","35.3","4","5.2","22.4","18.2","0","0","6","0.167","3","0.333","0.278","0.278","1.3","1.3","0.5","0","0.3","0.5","2.5","1.8","3","7.3","58.6","114.5"
"","Jack McVeigh","Hou","G-F","28.5","6","3.6","23.1","8.3","0","0","3","0.333","8","0.25","0.364","0.364","1.3","0.7","0.2","0","0.2","0.2","2","1.5","2.2","6.3","0","0"
"","Luke Travers","Cle","F","23.3","6","6.9","10.2","21.2","2","1","4","0.75","3","0","0.429","0.508","1.3","1","0.8","0.2","0.2","0.3","2.3","2.2","3.2","5.9","109","107.9"
"","Jaden Springer","Bos","G","22.3","12","4.4","15.9","7","13","0.769","9","0.333","4","0","0.231","0.427","1.3","1.2","0.3","0.3","0","0.1","2.5","1.7","2.8","7.1","110","99.2"
"","JD Davison","Bos","G","22.2","5","4.7","21.6","53.5","2","0.5","2","0.5","3","0.333","0.5","0.51","1.2","0.4","0.2","0.2","0","1.2","1.6","1.4","1.8","3.9","50.6","110.6"
"","Xavier Tillman","Bos","F","26","20","7.9","11.3","14.6","2","0.5","16","0.313","19","0.211","0.314","0.321","1.2","1.7","0.3","0.3","0.2","0.3","2.9","1.5","3.2","4.3","77.5","104.7"
"","Zeke Nnaji","Den","F-C","24","18","4.6","14.3","7.7","5","0.2","15","0.667","9","0","0.417","0.401","1.2","0.4","0.2","0.1","0.1","0.1","1.6","1.4","1.8","4","86.5","113.2"
"","Sidy Cissoko","San","G","20.7","12","3","16.5","8.3","4","0","6","0.333","5","0.6","0.591","0.509","1.1","0.7","0.4","0","0","0.1","1.8","1.5","2.2","9","0","0"
"","Colby Jones","Sac","G","22.6","22","5.4","11.2","22.6","0","0","15","0.4","9","0.444","0.5","0.5","1.1","0.9","0.2","0.2","0.2","0.3","2","1.3","2.2","4.3","91.5","105.4"
"","Quinten Post","Gol","C","24.8","2","2.8","22.7","0","0","0","1","1","2","0","0.333","0.333","1","0.5","0.5","0","0","0","1.5","1.5","2","9","0","0"
"","Bryce McGowens","Por","G","22.1","2","3.4","12.4","0","0","0","1","1","1","0","0.5","0.5","1","0.5","0.5","0","0","0","1.5","1.5","2","7.4","0","0"
"","Jared Rhoden","Cha","G","25.3","4","2.9","32.6","11.1","0","0","6","0.333","2","0","0.25","0.25","1","1","0.5","0.3","0","0.3","2","1.5","2.5","10.9","0","0"
"","Dominick Barlow","Atl","F","21.6","4","4.9","8.1","0","2","0.5","2","0","1","1","0.5","0.515","1","0.3","0","0.3","0","0","1.3","1","1.3","0","108.3","109.2"
"","Jaylen Martin","Bro","G","20.9","3","1.6","18.8","0","0","0","1","0","1","1","0.75","0.75","1","0","0","0","0","0","1","1","1","0","0","0"
"","Reece Beekman","Gol","G","23.2","2","2.1","10.1","0","0","0","1","1","0","0","1","1","1","0.5","0.5","0.5","0","0","1.5","1.5","2","12","0","0"
"","Mouhamed Gueye","Atl","F","22.1","2","5.7","17.8","20","0","0","2","0.5","2","0","0.25","0.25","1","1","0","0","0","0.5","2","1","2","0","41.9","119.4"
"","Trey Alexander","Den","G","21.7","10","4.8","12.1","7.4","2","1","6","0.333","6","0.167","0.292","0.349","0.9","0.1","0.3","0","0.1","0.1","1","1.2","1.3","2.5","82.1","117.3"
"","PJ Dozier","Min","G-F","28.2","9","3.9","8.3","24.5","6","0.167","0","0","3","0.667","1","0.621","0.8","0.6","0.6","0.1","0","0.1","1.3","1.3","1.9","6.8","0","0"
"","Karlo Matkovic","Nor","F-C","23.8","5","7.7","9.8","44.4","0","0","5","0.4","0","0","0.4","0.4","0.8","2","0","0.6","0.6","0.8","2.8","0.8","2.8","0","72.1","110.7"
"","Baylor Scheierman","Bos","G","24.3","5","6.8","13.7","0","2","1","4","0.25","6","0","0.1","0.184","0.8","1.4","0.4","0.2","0","0","2.2","1.2","2.6","4.5","67.9","104.7"
"","D.J. Carton","Tor","G","24.4","4","8.4","14.1","35","1","1","4","0.25","3","0","0.143","0.202","0.8","1","0.8","0.5","0","1","1.8","1.5","2.5","4.1","42.8","118.1"
"","Keshad Johnson","Mia","F","23.5","3","4.7","6.2","0","0","0","1","1","1","0","0.5","0.5","0.7","1","0","0","0","0","1.7","0.7","1.7","0","100.7","106.6"
"","Branden Carlson","Okc","C","25.5","6","3.6","19.3","10.6","2","1","2","0.5","6","0","0.125","0.225","0.7","1.5","0.3","0.2","0.2","0.2","2.2","1","2.5","7.6","0","0"
"","PJ Hall","Den","C","22.9","6","2.3","15.5","0","0","0","3","0.667","2","0","0.4","0.4","0.7","0.5","0","0","0.2","0","1.2","0.7","1.2","0","0","0"
"","Chris Livingston","Mil","F","21.2","3","2","22","33.3","0","0","2","0.5","0","0","0.5","0.5","0.7","0.7","0.3","0.3","0","0.3","1.3","1","1.7","10.6","0","0"
"","Liam Robbins","Mil","C","25.5","7","4.7","9.1","19.6","4","0.25","3","0.667","1","0","0.5","0.434","0.7","1","0.1","0.1","0.1","0.1","1.7","0.9","1.9","3.5","108.3","103.2"
"","Ulrich Chomche","Tor","C","19","3","4.5","12.2","50","0","0","2","0.5","0","0","0.5","0.5","0.7","1.3","0.3","0","0","0.7","2","1","2.3","5.8","77.3","107.2"
"","Gui Santos","Gol","F","22.5","9","4.4","11.3","29.4","2","0.5","2","0.5","5","0.2","0.357","0.381","0.7","1","0.3","0","0.1","0.3","1.7","1","2","5.4","77.9","99.5"
"","Tristen Newton","Ind","G","23.7","5","1.6","40","13.4","1","1","3","0.333","3","0","0.167","0.233","0.6","0","0.2","0","0","0.2","0.6","0.8","0.8","0","0","0"
"","Maxwell Lewis","Lal","F","22.4","7","4.2","11.9","25","0","0","6","0.333","0","0","0.333","0.333","0.6","0.3","0.3","0.1","0","0.3","0.9","0.9","1.1","3.6","76.5","118.8"
"","Cui Yongxi","Bro","F","21.6","5","2.1","33.9","0","2","0.5","4","0.25","3","0","0.143","0.19","0.6","0.4","0","0","0","0","1","0.6","1","0","0","0"
"","Bronny James","Lal","G","20.2","7","2.6","21.1","0","2","1","4","0.25","4","0","0.125","0.225","0.6","0.1","0.3","0.1","0.1","0","0.7","0.9","1","4","0","0"
"","Garrett Temple","Tor","G-F","38.6","11","4.2","12.4","28.6","0","0","5","0.2","5","0.2","0.25","0.25","0.5","0.8","0.6","0.4","0.1","0.4","1.3","1.1","1.9","5.9","66.1","103.6"
"","Stanley Umude","Mil","G","25.7","8","3.3","9.9","0","2","0","1","0","4","0.25","0.3","0.255","0.4","0.8","0.3","0.1","0.1","0","1.1","0.6","1.4","5.6","0","0"
"","Daishen Nix","Min","G","22.9","3","4.4","19.5","76.6","2","0.5","0","0","1","0","0","0.266","0.3","1.3","1","0","0","1.3","1.7","1.3","2.7","6.6","43.9","101.9"
"","Jalen Bridges","Pho","F","23.6","4","4.2","15.5","38.3","2","0.5","0","0","3","0","0","0.129","0.3","0.8","0","0","0","0.5","1","0.3","1","0","18.6","121.1"
"","Malevy Leons","Okc","F","25.3","6","3.5","9.7","31.1","4","0.5","1","0","1","0","0","0.266","0.3","0.5","0.2","0","0","0.2","0.8","0.5","1","3.6","0","0"
"","Jacob Toppin","Nyk","F","24.6","9","2.7","7.2","25","0","0","1","1","2","0","0.333","0.333","0.2","0.4","0.4","0","0","0.1","0.7","0.7","1.1","4.7","0","0"
"","Tristan Vukcevic","Was","F","21.8","2","2.6","24","0","0","0","0","0","3","0","0","0","0","0","0","0","0.5","0","0","0","0","0","0","0"
"","Josh Christopher","Mia","G","23.1","1","1.6","54.9","50","0","0","0","0","1","0","0","0","0","0","0","0","0","1","0","0","0","0","0","0"
"","Reece Beekman","Bro","G","23.2","4","4.9","11.4","40","0","0","1","0","2","0","0","0","0","0","0.3","0","0","0.5","0","0.3","0.3","0","13.3","114.4"
"","Isaiah Crawford","Sac","F","23.2","2","3.3","0","0","0","0","0","0","0","0","0","0","0","0.5","0","0","0","0","0.5","0","0.5","0","0","0"
"","Justin Minaya","Por","F","25.8","1","6.1","0","0","0","0","0","0","0","0","0","0","0","1","0","0","0","0","1","0","1","0","0","105.6"
"","Cole Swider","Det","F","25.6","2","6.6","16.3","0","0","0","0","0","5","0","0","0","0","1","0.5","0","0","0","1","0.5","1.5","0","15.1","112.2"
"","Mason Jones","Sac","G","26.4","3","4.2","6.8","0","0","0","0","0","2","0","0","0","0","1.3","2.3","0","0","0","1.3","2.3","3.7","0","132.4","108.2"
"","Harrison Ingram","San","F","22.1","1","6.8","6.3","0","0","0","1","0","0","0","0","0","0","1","0","0","0","0","1","0","1","0","0","102.5"
"","Riley Minix","San","F","24.3","1","6.8","6.3","0","0","0","0","0","1","0","0","0","0","2","0","0","0","0","2","0","2","0","0","113.8"
"","Spencer Jones","Den","F","23.5","4","2.4","13.3","33.3","0","0","0","0","2","0","0","0","0","0.8","0","0.5","0","0.3","0.8","0","0.8","0","0","0"
"","Alex Ducas","Okc","G","24.1","4","1.8","17.5","0","0","0","1","0","2","0","0","0","0","0","0","0","0","0","0","0","0","0","0","0"
"","Daniss Jenkins","Det","G","23.4","2","2.5","17.1","0","0","0","0","0","2","0","0","0","0","0","0","0","0","0","0","0","0","0","0","0"
"","Mac McClung","Orl","G","26","1","4.9","0","0","0","0","0","0","0","0","0","0","0","1","2","0","0","0","1","2","3","0","0","112.4"
"","Kessler Edwards","Dal","F","24.4","12","2.2","11.3","14.3","0","0","2","0","4","0","0","0","0","0.2","0.1","0","0.1","0.1","0.2","0.1","0.3","0","0","0"
"","Joe Ingles","Min","F-G","37.2","7","3.7","5","33.3","0","0","0","0","2","0","0","0","0","0.3","1.3","0","0","0.1","0.3","1.3","1.6","0","0","0"

